[2026-06-03 03:47:46,798: INFO: main: Welcome to our custom log]
[2026-06-05 04:34:42,050: INFO: common: yaml file: config\config.yaml loaded successfully]
[2026-06-05 04:34:42,052: INFO: common: yaml file: params.yaml loaded successfully]
[2026-06-05 04:34:42,053: INFO: common: created directory at: artifacts]
[2026-06-05 04:34:49,710: INFO: common: yaml file: config\config.yaml loaded successfully]
[2026-06-05 04:34:49,712: INFO: common: yaml file: params.yaml loaded successfully]
[2026-06-05 04:34:49,714: INFO: common: created directory at: artifacts]
[2026-06-05 04:51:51,803: INFO: common: yaml file: config\config.yaml loaded successfully]
[2026-06-05 04:51:51,832: INFO: common: yaml file: params.yaml loaded successfully]
[2026-06-05 04:51:51,834: INFO: common: created directory at: artifacts]
[2026-06-05 04:56:33,206: INFO: common: yaml file: config\config.yaml loaded successfully]
[2026-06-05 04:56:33,207: INFO: common: yaml file: params.yaml loaded successfully]
[2026-06-05 04:56:33,209: INFO: common: created directory at: artifacts]
[2026-06-05 04:58:17,109: INFO: common: yaml file: config\config.yaml loaded successfully]
[2026-06-05 04:58:17,113: INFO: common: yaml file: params.yaml loaded successfully]
[2026-06-05 04:58:17,116: INFO: common: created directory at: artifacts]
[2026-06-05 04:58:33,945: INFO: common: yaml file: config\config.yaml loaded successfully]
[2026-06-05 04:58:33,947: INFO: common: yaml file: params.yaml loaded successfully]
[2026-06-05 04:58:33,949: INFO: common: created directory at: artifacts]
[2026-06-05 04:58:37,666: INFO: common: yaml file: config\config.yaml loaded successfully]
[2026-06-05 04:58:37,669: INFO: common: yaml file: params.yaml loaded successfully]
[2026-06-05 04:58:37,672: INFO: common: created directory at: artifacts]
[2026-06-05 04:59:54,338: INFO: common: yaml file: config\config.yaml loaded successfully]
[2026-06-05 04:59:54,339: INFO: common: yaml file: params.yaml loaded successfully]
[2026-06-05 04:59:54,341: INFO: common: created directory at: artifacts]
[2026-06-05 04:59:55,553: INFO: common: yaml file: config\config.yaml loaded successfully]
[2026-06-05 04:59:55,555: INFO: common: yaml file: params.yaml loaded successfully]
[2026-06-05 04:59:55,557: INFO: common: created directory at: artifacts]
[2026-06-05 05:00:26,592: INFO: common: yaml file: config\config.yaml loaded successfully]
[2026-06-05 05:00:26,596: INFO: common: yaml file: params.yaml loaded successfully]
[2026-06-05 05:00:26,597: INFO: common: created directory at: artifacts]
[2026-06-05 05:01:54,565: INFO: common: yaml file: config\config.yaml loaded successfully]
[2026-06-05 05:01:54,664: INFO: common: yaml file: params.yaml loaded successfully]
[2026-06-05 05:01:54,685: INFO: common: created directory at: artifacts]
[2026-06-05 05:04:50,971: INFO: common: yaml file: config\config.yaml loaded successfully]
[2026-06-05 05:04:50,974: INFO: common: yaml file: params.yaml loaded successfully]
[2026-06-05 05:04:50,976: INFO: common: created directory at: artifacts]
[2026-06-07 03:47:58,680: INFO: common: yaml file: config\config.yaml loaded successfully]
[2026-06-07 03:47:58,709: INFO: common: yaml file: params.yaml loaded successfully]
[2026-06-07 03:47:58,711: INFO: common: created directory at: artifacts]
[2026-06-07 03:47:58,712: INFO: common: created directory at: artifacts/data_ingestion]
[2026-06-07 04:06:43,269: INFO: 88660958: Using local file: C:\Users\LENOVO\Kidney-Disease-Classification-DL-Project-DVC\kidney.zip]
[2026-06-07 04:06:43,302: INFO: 88660958: Extracting C:\Users\LENOVO\Kidney-Disease-Classification-DL-Project-DVC\kidney.zip to artifacts\data_ingestion...]
[2026-06-07 04:06:45,336: INFO: 88660958: Extracted successfully! Items in artifacts\data_ingestion:]
[2026-06-07 04:06:45,337: INFO: 88660958:   data.yaml]
[2026-06-07 04:06:45,338: INFO: 88660958:   test/]
[2026-06-07 04:06:45,339: INFO: 88660958:   train/]
[2026-06-07 04:06:45,339: INFO: 88660958:   valid/]
[2026-06-07 04:28:44,467: INFO: 1447225239: Total files extracted: 2610]
[2026-06-07 04:28:44,673: INFO: 1447225239: Extraction directory: artifacts\data_ingestion]
[2026-06-07 04:28:44,706: INFO: 1447225239:   - data.yaml]
[2026-06-07 04:28:44,708: INFO: 1447225239:   - test]
[2026-06-07 04:28:44,709: INFO: 1447225239:   - train]
[2026-06-07 04:28:44,711: INFO: 1447225239:   - valid]
[2026-06-07 04:29:05,873: INFO: 1447225239: Total files extracted: 2610]
[2026-06-07 04:29:05,874: INFO: 1447225239: Extraction directory: artifacts\data_ingestion]
[2026-06-07 04:29:05,875: INFO: 1447225239:   - data.yaml]
[2026-06-07 04:29:05,876: INFO: 1447225239:   - test]
[2026-06-07 04:29:05,876: INFO: 1447225239:   - train]
[2026-06-07 04:29:05,878: INFO: 1447225239:   - valid]
[2026-06-07 04:54:24,726: INFO: 1447225239: Total files extracted: 2610]
[2026-06-07 04:54:24,727: INFO: 1447225239: Extraction directory: artifacts\data_ingestion]
[2026-06-07 04:54:24,729: INFO: 1447225239:   - data.yaml]
[2026-06-07 04:54:24,730: INFO: 1447225239:   - test]
[2026-06-07 04:54:24,730: INFO: 1447225239:   - train]
[2026-06-07 04:54:24,731: INFO: 1447225239:   - valid]
[2026-06-07 04:54:27,956: INFO: 1447225239: Total files extracted: 2610]
[2026-06-07 04:54:27,957: INFO: 1447225239: Extraction directory: artifacts\data_ingestion]
[2026-06-07 04:54:27,958: INFO: 1447225239:   - data.yaml]
[2026-06-07 04:54:27,959: INFO: 1447225239:   - test]
[2026-06-07 04:54:27,959: INFO: 1447225239:   - train]
[2026-06-07 04:54:27,960: INFO: 1447225239:   - valid]
[2026-06-07 04:54:28,944: INFO: 1447225239: Total files extracted: 2610]
[2026-06-07 04:54:28,945: INFO: 1447225239: Extraction directory: artifacts\data_ingestion]
[2026-06-07 04:54:28,946: INFO: 1447225239:   - data.yaml]
[2026-06-07 04:54:28,947: INFO: 1447225239:   - test]
[2026-06-07 04:54:28,947: INFO: 1447225239:   - train]
[2026-06-07 04:54:28,948: INFO: 1447225239:   - valid]
[2026-06-07 04:54:30,000: INFO: 1447225239: Total files extracted: 2610]
[2026-06-07 04:54:30,002: INFO: 1447225239: Extraction directory: artifacts\data_ingestion]
[2026-06-07 04:54:30,003: INFO: 1447225239:   - data.yaml]
[2026-06-07 04:54:30,004: INFO: 1447225239:   - test]
[2026-06-07 04:54:30,004: INFO: 1447225239:   - train]
[2026-06-07 04:54:30,005: INFO: 1447225239:   - valid]
[2026-06-07 04:54:30,995: INFO: 1447225239: Total files extracted: 2610]
[2026-06-07 04:54:30,996: INFO: 1447225239: Extraction directory: artifacts\data_ingestion]
[2026-06-07 04:54:30,997: INFO: 1447225239:   - data.yaml]
[2026-06-07 04:54:30,998: INFO: 1447225239:   - test]
[2026-06-07 04:54:30,998: INFO: 1447225239:   - train]
[2026-06-07 04:54:30,999: INFO: 1447225239:   - valid]
[2026-06-07 04:54:48,682: INFO: 1447225239: Total files extracted: 2610]
[2026-06-07 04:54:48,683: INFO: 1447225239: Extraction directory: artifacts\data_ingestion]
[2026-06-07 04:54:48,685: INFO: 1447225239:   - data.yaml]
[2026-06-07 04:54:48,686: INFO: 1447225239:   - test]
[2026-06-07 04:54:48,687: INFO: 1447225239:   - train]
[2026-06-07 04:54:48,688: INFO: 1447225239:   - valid]
[2026-06-07 04:54:49,562: INFO: 1447225239: Total files extracted: 2610]
[2026-06-07 04:54:49,563: INFO: 1447225239: Extraction directory: artifacts\data_ingestion]
[2026-06-07 04:54:49,564: INFO: 1447225239:   - data.yaml]
[2026-06-07 04:54:49,565: INFO: 1447225239:   - test]
[2026-06-07 04:54:49,566: INFO: 1447225239:   - train]
[2026-06-07 04:54:49,566: INFO: 1447225239:   - valid]
[2026-06-07 05:01:23,369: INFO: 1447225239: Total files extracted: 2610]
[2026-06-07 05:01:23,370: INFO: 1447225239: Extraction directory: artifacts\data_ingestion]
[2026-06-07 05:01:23,371: INFO: 1447225239:   - data.yaml]
[2026-06-07 05:01:23,371: INFO: 1447225239:   - test]
[2026-06-07 05:01:23,372: INFO: 1447225239:   - train]
[2026-06-07 05:01:23,372: INFO: 1447225239:   - valid]
[2026-06-07 05:03:43,892: INFO: 1447225239: Total files extracted: 2610]
[2026-06-07 05:03:43,893: INFO: 1447225239: Extraction directory: artifacts\data_ingestion]
[2026-06-07 05:03:43,894: INFO: 1447225239:   - data.yaml]
[2026-06-07 05:03:43,895: INFO: 1447225239:   - test]
[2026-06-07 05:03:43,896: INFO: 1447225239:   - train]
[2026-06-07 05:03:43,896: INFO: 1447225239:   - valid]
[2026-06-07 05:06:29,135: INFO: 1466697244: ✅ Total items extracted: 2610]
[2026-06-07 05:06:29,136: INFO: 1466697244: 📁 Extraction directory: artifacts\data_ingestion]
[2026-06-07 05:06:29,137: INFO: 1466697244: 📂 Directory structure:]
[2026-06-07 05:06:29,139: INFO: 1466697244:   ├── data.yaml]
[2026-06-07 05:06:29,186: INFO: 1466697244:   ├── test/ (246 files)]
[2026-06-07 05:06:29,218: INFO: 1466697244:   ├── train/ (2108 files)]
[2026-06-07 05:06:29,223: INFO: 1466697244:   ├── valid/ (246 files)]
[2026-06-07 05:06:29,241: INFO: 1466697244: 
📊 Training set class distribution:]
[2026-06-07 05:06:29,261: INFO: 1466697244:   ├── images: 1054 images]
[2026-06-07 05:06:29,269: INFO: 1466697244:   ├── labels: 1054 images]
[2026-06-09 02:57:55,395: INFO: stage_02_prepare_base_model: >>>>>> stage Prepare Base Model stage started <<<<<<]
[2026-06-09 02:57:55,396: INFO: common: created directory at: artifacts\prepare_base_model]
[2026-06-09 02:57:55,396: INFO: prepare_base_model: Creating placeholder for base model artifacts]
[2026-06-09 02:57:55,397: INFO: prepare_base_model: Base model placeholder saved at: artifacts\prepare_base_model\base_model.txt]
[2026-06-09 02:57:55,397: INFO: stage_02_prepare_base_model: >>>>>> stage Prepare Base Model stage completed <<<<<<

 x==========x]
[2026-06-09 02:57:55,775: INFO: stage_03_training: >>>>>> stage Model Training stage started <<<<<<]
[2026-06-09 02:57:55,776: INFO: common: created directory at: artifacts\training]
[2026-06-09 02:57:55,777: INFO: model_trainer: Running placeholder training process]
[2026-06-09 02:57:55,778: INFO: model_trainer: Placeholder model saved at: artifacts\training\model.h5]
[2026-06-09 02:57:55,778: INFO: stage_03_training: >>>>>> stage Model Training stage completed <<<<<<

 x==========x]
[2026-06-09 02:57:56,183: INFO: stage_04_evaluation: >>>>>> stage Evaluation stage started <<<<<<]
[2026-06-09 02:57:56,187: INFO: common: created directory at: artifacts\evaluation]
[2026-06-09 02:57:56,188: INFO: model_evaluation_mlflow: Running placeholder evaluation]
[2026-06-09 02:57:56,188: INFO: model_evaluation_mlflow: Evaluation metrics saved at: C:\Users\LENOVO\Kidney-Disease-Classification-DL-Project-DVC\scores.json]
[2026-06-09 02:57:56,188: INFO: stage_04_evaluation: >>>>>> stage Evaluation stage completed <<<<<<

 x==========x]
[2026-06-09 03:07:31,666: INFO: main: >>>>>> stage Data Ingestion started <<<<<<]
[2026-06-09 03:07:31,668: INFO: common: yaml file: config\config.yaml loaded successfully]
[2026-06-09 03:07:31,669: INFO: common: yaml file: params.yaml loaded successfully]
[2026-06-09 03:07:31,670: INFO: common: created directory at: artifacts]
[2026-06-09 03:07:31,670: INFO: common: created directory at: artifacts/data_ingestion]
[2026-06-09 03:07:31,671: INFO: data_ingestion: Copying data from kidney.zip to artifacts\data_ingestion\data.zip]
[2026-06-09 03:07:31,711: INFO: data_ingestion: Copied successfully! Size: ~ 21531 KB]
[2026-06-09 03:07:31,711: INFO: data_ingestion: Extracting artifacts\data_ingestion\data.zip to artifacts\data_ingestion]
[2026-06-09 03:07:33,554: INFO: data_ingestion: Extraction completed successfully!]
[2026-06-09 03:07:33,555: INFO: main: >>>>>> stage Data Ingestion completed <<<<<<

x==========x]
[2026-06-09 03:07:33,555: INFO: main: >>>>>> stage Prepare Base Model started <<<<<<]
[2026-06-09 03:07:33,555: INFO: common: created directory at: artifacts\prepare_base_model]
[2026-06-09 03:07:33,555: INFO: prepare_base_model: Creating placeholder for base model artifacts]
[2026-06-09 03:07:33,556: INFO: prepare_base_model: Base model placeholder saved at: artifacts\prepare_base_model\base_model.txt]
[2026-06-09 03:07:33,556: INFO: main: >>>>>> stage Prepare Base Model completed <<<<<<

x==========x]
[2026-06-09 03:07:33,557: INFO: main: >>>>>> stage Training started <<<<<<]
[2026-06-09 03:07:33,558: INFO: common: created directory at: artifacts\training]
[2026-06-09 03:07:33,558: INFO: model_trainer: Running placeholder training process]
[2026-06-09 03:07:33,559: INFO: model_trainer: Placeholder model saved at: artifacts\training\model.h5]
[2026-06-09 03:07:33,559: INFO: main: >>>>>> stage Training completed <<<<<<

x==========x]
[2026-06-09 03:07:33,559: INFO: main: >>>>>> stage Evaluation started <<<<<<]
[2026-06-09 03:07:33,560: INFO: common: created directory at: artifacts\evaluation]
[2026-06-09 03:07:33,560: INFO: model_evaluation_mlflow: Running placeholder evaluation]
[2026-06-09 03:07:33,561: INFO: model_evaluation_mlflow: Evaluation metrics saved at: C:\Users\LENOVO\Kidney-Disease-Classification-DL-Project-DVC\scores.json]
[2026-06-09 03:07:33,561: INFO: main: >>>>>> stage Evaluation completed <<<<<<

x==========x]
[2026-06-09 03:09:04,191: INFO: main: >>>>>> stage Data Ingestion started <<<<<<]
[2026-06-09 03:09:04,192: INFO: common: yaml file: config\config.yaml loaded successfully]
[2026-06-09 03:09:04,193: INFO: common: yaml file: params.yaml loaded successfully]
[2026-06-09 03:09:04,193: INFO: common: created directory at: artifacts]
[2026-06-09 03:09:04,193: INFO: common: created directory at: artifacts/data_ingestion]
[2026-06-09 03:09:04,194: INFO: data_ingestion: Copying data from kidney.zip to artifacts\data_ingestion\data.zip]
[2026-06-09 03:09:04,194: INFO: data_ingestion: File already exists at: artifacts\data_ingestion\data.zip]
[2026-06-09 03:09:04,194: INFO: data_ingestion: Extracting artifacts\data_ingestion\data.zip to artifacts\data_ingestion]
[2026-06-09 03:09:05,342: INFO: data_ingestion: Extraction completed successfully!]
[2026-06-09 03:09:05,342: INFO: main: >>>>>> stage Data Ingestion completed <<<<<<

x==========x]
[2026-06-09 03:09:05,342: INFO: main: >>>>>> stage Prepare Base Model started <<<<<<]
[2026-06-09 03:09:05,343: INFO: common: created directory at: artifacts\prepare_base_model]
[2026-06-09 03:09:05,343: INFO: prepare_base_model: Creating placeholder for base model artifacts]
[2026-06-09 03:09:05,344: INFO: prepare_base_model: Base model placeholder saved at: artifacts\prepare_base_model\base_model.txt]
[2026-06-09 03:09:05,344: INFO: main: >>>>>> stage Prepare Base Model completed <<<<<<

x==========x]
[2026-06-09 03:09:05,344: INFO: main: >>>>>> stage Training started <<<<<<]
[2026-06-09 03:09:05,344: INFO: common: created directory at: artifacts\training]
[2026-06-09 03:09:05,344: INFO: model_trainer: Running placeholder training process]
[2026-06-09 03:09:05,345: INFO: model_trainer: Placeholder model saved at: artifacts\training\model.h5]
[2026-06-09 03:09:05,345: INFO: main: >>>>>> stage Training completed <<<<<<

x==========x]
[2026-06-09 03:09:05,345: INFO: main: >>>>>> stage Evaluation started <<<<<<]
[2026-06-09 03:09:05,346: INFO: common: created directory at: artifacts\evaluation]
[2026-06-09 03:09:05,346: INFO: model_evaluation_mlflow: Running placeholder evaluation]
[2026-06-09 03:09:05,346: INFO: model_evaluation_mlflow: Evaluation metrics saved at: C:\Users\LENOVO\Kidney-Disease-Classification-DL-Project-DVC\scores.json]
[2026-06-09 03:09:05,346: INFO: main: >>>>>> stage Evaluation completed <<<<<<

x==========x]
[2026-06-09 03:36:18,419: INFO: main: >>>>>> stage Data Ingestion started <<<<<<]
[2026-06-09 03:36:18,422: ERROR: main: Invalid YAML file: config\config.yaml
while scanning a double-quoted scalar
  in "config\config.yaml", line 5, column 15
expected escape sequence of 8 hexadecimal numbers, but found 's'
  in "config\config.yaml", line 5, column 20]
Traceback (most recent call last):
  File "C:\Users\LENOVO\Kidney-Disease-Classification-DL-Project-DVC\src\cnnClassifier\utils\common.py", line 15, in read_yaml
    content = yaml.safe_load(yaml_file) or {}
              ^^^^^^^^^^^^^^^^^^^^^^^^^
  File "C:\Users\LENOVO\Kidney-Disease-Classification-DL-Project-DVC\.venv\Lib\site-packages\yaml\__init__.py", line 125, in safe_load
    return load(stream, SafeLoader)
           ^^^^^^^^^^^^^^^^^^^^^^^^
  File "C:\Users\LENOVO\Kidney-Disease-Classification-DL-Project-DVC\.venv\Lib\site-packages\yaml\__init__.py", line 81, in load
    return loader.get_single_data()
           ^^^^^^^^^^^^^^^^^^^^^^^^
  File "C:\Users\LENOVO\Kidney-Disease-Classification-DL-Project-DVC\.venv\Lib\site-packages\yaml\constructor.py", line 49, in get_single_data
    node = self.get_single_node()
           ^^^^^^^^^^^^^^^^^^^^^^
  File "C:\Users\LENOVO\Kidney-Disease-Classification-DL-Project-DVC\.venv\Lib\site-packages\yaml\composer.py", line 36, in get_single_node
    document = self.compose_document()
               ^^^^^^^^^^^^^^^^^^^^^^^
  File "C:\Users\LENOVO\Kidney-Disease-Classification-DL-Project-DVC\.venv\Lib\site-packages\yaml\composer.py", line 55, in compose_document
    node = self.compose_node(None, None)
           ^^^^^^^^^^^^^^^^^^^^^^^^^^^^^
  File "C:\Users\LENOVO\Kidney-Disease-Classification-DL-Project-DVC\.venv\Lib\site-packages\yaml\composer.py", line 84, in compose_node
    node = self.compose_mapping_node(anchor)
           ^^^^^^^^^^^^^^^^^^^^^^^^^^^^^^^^^
  File "C:\Users\LENOVO\Kidney-Disease-Classification-DL-Project-DVC\.venv\Lib\site-packages\yaml\composer.py", line 133, in compose_mapping_node
    item_value = self.compose_node(node, item_key)
                 ^^^^^^^^^^^^^^^^^^^^^^^^^^^^^^^^^
  File "C:\Users\LENOVO\Kidney-Disease-Classification-DL-Project-DVC\.venv\Lib\site-packages\yaml\composer.py", line 84, in compose_node
    node = self.compose_mapping_node(anchor)
           ^^^^^^^^^^^^^^^^^^^^^^^^^^^^^^^^^
  File "C:\Users\LENOVO\Kidney-Disease-Classification-DL-Project-DVC\.venv\Lib\site-packages\yaml\composer.py", line 133, in compose_mapping_node
    item_value = self.compose_node(node, item_key)
                 ^^^^^^^^^^^^^^^^^^^^^^^^^^^^^^^^^
  File "C:\Users\LENOVO\Kidney-Disease-Classification-DL-Project-DVC\.venv\Lib\site-packages\yaml\composer.py", line 64, in compose_node
    if self.check_event(AliasEvent):
       ^^^^^^^^^^^^^^^^^^^^^^^^^^^^
  File "C:\Users\LENOVO\Kidney-Disease-Classification-DL-Project-DVC\.venv\Lib\site-packages\yaml\parser.py", line 98, in check_event
    self.current_event = self.state()
                         ^^^^^^^^^^^^
  File "C:\Users\LENOVO\Kidney-Disease-Classification-DL-Project-DVC\.venv\Lib\site-packages\yaml\parser.py", line 449, in parse_block_mapping_value
    if not self.check_token(KeyToken, ValueToken, BlockEndToken):
           ^^^^^^^^^^^^^^^^^^^^^^^^^^^^^^^^^^^^^^^^^^^^^^^^^^^^^
  File "C:\Users\LENOVO\Kidney-Disease-Classification-DL-Project-DVC\.venv\Lib\site-packages\yaml\scanner.py", line 116, in check_token
    self.fetch_more_tokens()
  File "C:\Users\LENOVO\Kidney-Disease-Classification-DL-Project-DVC\.venv\Lib\site-packages\yaml\scanner.py", line 251, in fetch_more_tokens
    return self.fetch_double()
           ^^^^^^^^^^^^^^^^^^^
  File "C:\Users\LENOVO\Kidney-Disease-Classification-DL-Project-DVC\.venv\Lib\site-packages\yaml\scanner.py", line 655, in fetch_double
    self.fetch_flow_scalar(style='"')
  File "C:\Users\LENOVO\Kidney-Disease-Classification-DL-Project-DVC\.venv\Lib\site-packages\yaml\scanner.py", line 666, in fetch_flow_scalar
    self.tokens.append(self.scan_flow_scalar(style))
                       ^^^^^^^^^^^^^^^^^^^^^^^^^^^^
  File "C:\Users\LENOVO\Kidney-Disease-Classification-DL-Project-DVC\.venv\Lib\site-packages\yaml\scanner.py", line 1149, in scan_flow_scalar
    chunks.extend(self.scan_flow_scalar_non_spaces(double, start_mark))
                  ^^^^^^^^^^^^^^^^^^^^^^^^^^^^^^^^^^^^^^^^^^^^^^^^^^^^
  File "C:\Users\LENOVO\Kidney-Disease-Classification-DL-Project-DVC\.venv\Lib\site-packages\yaml\scanner.py", line 1213, in scan_flow_scalar_non_spaces
    raise ScannerError("while scanning a double-quoted scalar", start_mark,
yaml.scanner.ScannerError: while scanning a double-quoted scalar
  in "config\config.yaml", line 5, column 15
expected escape sequence of 8 hexadecimal numbers, but found 's'
  in "config\config.yaml", line 5, column 20

During handling of the above exception, another exception occurred:

Traceback (most recent call last):
  File "C:\Users\LENOVO\Kidney-Disease-Classification-DL-Project-DVC\main.py", line 24, in <module>
    pipeline.main()
  File "C:\Users\LENOVO\Kidney-Disease-Classification-DL-Project-DVC\src\cnnClassifier\pipeline\stage_01_data_ingestion.py", line 17, in main
    config = ConfigurationManager()
             ^^^^^^^^^^^^^^^^^^^^^^
  File "C:\Users\LENOVO\Kidney-Disease-Classification-DL-Project-DVC\src\cnnClassifier\config\configuration.py", line 12, in __init__
    self.config = read_yaml(config_filepath)
                  ^^^^^^^^^^^^^^^^^^^^^^^^^^
  File "C:\Users\LENOVO\Kidney-Disease-Classification-DL-Project-DVC\src\cnnClassifier\utils\common.py", line 19, in read_yaml
    raise ValueError(f"Invalid YAML file: {path_to_yaml}\n{e}")
ValueError: Invalid YAML file: config\config.yaml
while scanning a double-quoted scalar
  in "config\config.yaml", line 5, column 15
expected escape sequence of 8 hexadecimal numbers, but found 's'
  in "config\config.yaml", line 5, column 20
[2026-06-09 03:39:11,968: INFO: main: >>>>>> stage Data Ingestion started <<<<<<]
[2026-06-09 03:39:11,969: ERROR: main: Invalid YAML file: config\config.yaml
while scanning a double-quoted scalar
  in "config\config.yaml", line 5, column 15
expected escape sequence of 8 hexadecimal numbers, but found 's'
  in "config\config.yaml", line 5, column 20]
Traceback (most recent call last):
  File "C:\Users\LENOVO\Kidney-Disease-Classification-DL-Project-DVC\src\cnnClassifier\utils\common.py", line 15, in read_yaml
    content = yaml.safe_load(yaml_file) or {}
              ^^^^^^^^^^^^^^^^^^^^^^^^^
  File "C:\Users\LENOVO\Kidney-Disease-Classification-DL-Project-DVC\.venv\Lib\site-packages\yaml\__init__.py", line 125, in safe_load
    return load(stream, SafeLoader)
           ^^^^^^^^^^^^^^^^^^^^^^^^
  File "C:\Users\LENOVO\Kidney-Disease-Classification-DL-Project-DVC\.venv\Lib\site-packages\yaml\__init__.py", line 81, in load
    return loader.get_single_data()
           ^^^^^^^^^^^^^^^^^^^^^^^^
  File "C:\Users\LENOVO\Kidney-Disease-Classification-DL-Project-DVC\.venv\Lib\site-packages\yaml\constructor.py", line 49, in get_single_data
    node = self.get_single_node()
           ^^^^^^^^^^^^^^^^^^^^^^
  File "C:\Users\LENOVO\Kidney-Disease-Classification-DL-Project-DVC\.venv\Lib\site-packages\yaml\composer.py", line 36, in get_single_node
    document = self.compose_document()
               ^^^^^^^^^^^^^^^^^^^^^^^
  File "C:\Users\LENOVO\Kidney-Disease-Classification-DL-Project-DVC\.venv\Lib\site-packages\yaml\composer.py", line 55, in compose_document
    node = self.compose_node(None, None)
           ^^^^^^^^^^^^^^^^^^^^^^^^^^^^^
  File "C:\Users\LENOVO\Kidney-Disease-Classification-DL-Project-DVC\.venv\Lib\site-packages\yaml\composer.py", line 84, in compose_node
    node = self.compose_mapping_node(anchor)
           ^^^^^^^^^^^^^^^^^^^^^^^^^^^^^^^^^
  File "C:\Users\LENOVO\Kidney-Disease-Classification-DL-Project-DVC\.venv\Lib\site-packages\yaml\composer.py", line 133, in compose_mapping_node
    item_value = self.compose_node(node, item_key)
                 ^^^^^^^^^^^^^^^^^^^^^^^^^^^^^^^^^
  File "C:\Users\LENOVO\Kidney-Disease-Classification-DL-Project-DVC\.venv\Lib\site-packages\yaml\composer.py", line 84, in compose_node
    node = self.compose_mapping_node(anchor)
           ^^^^^^^^^^^^^^^^^^^^^^^^^^^^^^^^^
  File "C:\Users\LENOVO\Kidney-Disease-Classification-DL-Project-DVC\.venv\Lib\site-packages\yaml\composer.py", line 133, in compose_mapping_node
    item_value = self.compose_node(node, item_key)
                 ^^^^^^^^^^^^^^^^^^^^^^^^^^^^^^^^^
  File "C:\Users\LENOVO\Kidney-Disease-Classification-DL-Project-DVC\.venv\Lib\site-packages\yaml\composer.py", line 64, in compose_node
    if self.check_event(AliasEvent):
       ^^^^^^^^^^^^^^^^^^^^^^^^^^^^
  File "C:\Users\LENOVO\Kidney-Disease-Classification-DL-Project-DVC\.venv\Lib\site-packages\yaml\parser.py", line 98, in check_event
    self.current_event = self.state()
                         ^^^^^^^^^^^^
  File "C:\Users\LENOVO\Kidney-Disease-Classification-DL-Project-DVC\.venv\Lib\site-packages\yaml\parser.py", line 449, in parse_block_mapping_value
    if not self.check_token(KeyToken, ValueToken, BlockEndToken):
           ^^^^^^^^^^^^^^^^^^^^^^^^^^^^^^^^^^^^^^^^^^^^^^^^^^^^^
  File "C:\Users\LENOVO\Kidney-Disease-Classification-DL-Project-DVC\.venv\Lib\site-packages\yaml\scanner.py", line 116, in check_token
    self.fetch_more_tokens()
  File "C:\Users\LENOVO\Kidney-Disease-Classification-DL-Project-DVC\.venv\Lib\site-packages\yaml\scanner.py", line 251, in fetch_more_tokens
    return self.fetch_double()
           ^^^^^^^^^^^^^^^^^^^
  File "C:\Users\LENOVO\Kidney-Disease-Classification-DL-Project-DVC\.venv\Lib\site-packages\yaml\scanner.py", line 655, in fetch_double
    self.fetch_flow_scalar(style='"')
  File "C:\Users\LENOVO\Kidney-Disease-Classification-DL-Project-DVC\.venv\Lib\site-packages\yaml\scanner.py", line 666, in fetch_flow_scalar
    self.tokens.append(self.scan_flow_scalar(style))
                       ^^^^^^^^^^^^^^^^^^^^^^^^^^^^
  File "C:\Users\LENOVO\Kidney-Disease-Classification-DL-Project-DVC\.venv\Lib\site-packages\yaml\scanner.py", line 1149, in scan_flow_scalar
    chunks.extend(self.scan_flow_scalar_non_spaces(double, start_mark))
                  ^^^^^^^^^^^^^^^^^^^^^^^^^^^^^^^^^^^^^^^^^^^^^^^^^^^^
  File "C:\Users\LENOVO\Kidney-Disease-Classification-DL-Project-DVC\.venv\Lib\site-packages\yaml\scanner.py", line 1213, in scan_flow_scalar_non_spaces
    raise ScannerError("while scanning a double-quoted scalar", start_mark,
yaml.scanner.ScannerError: while scanning a double-quoted scalar
  in "config\config.yaml", line 5, column 15
expected escape sequence of 8 hexadecimal numbers, but found 's'
  in "config\config.yaml", line 5, column 20

During handling of the above exception, another exception occurred:

Traceback (most recent call last):
  File "C:\Users\LENOVO\Kidney-Disease-Classification-DL-Project-DVC\main.py", line 24, in <module>
    pipeline.main()
  File "C:\Users\LENOVO\Kidney-Disease-Classification-DL-Project-DVC\src\cnnClassifier\pipeline\stage_01_data_ingestion.py", line 17, in main
    config = ConfigurationManager()
             ^^^^^^^^^^^^^^^^^^^^^^
  File "C:\Users\LENOVO\Kidney-Disease-Classification-DL-Project-DVC\src\cnnClassifier\config\configuration.py", line 12, in __init__
    self.config = read_yaml(config_filepath)
                  ^^^^^^^^^^^^^^^^^^^^^^^^^^
  File "C:\Users\LENOVO\Kidney-Disease-Classification-DL-Project-DVC\src\cnnClassifier\utils\common.py", line 19, in read_yaml
    raise ValueError(f"Invalid YAML file: {path_to_yaml}\n{e}")
ValueError: Invalid YAML file: config\config.yaml
while scanning a double-quoted scalar
  in "config\config.yaml", line 5, column 15
expected escape sequence of 8 hexadecimal numbers, but found 's'
  in "config\config.yaml", line 5, column 20
[2026-06-10 01:56:58,931: INFO: common: yaml file: config\config.yaml loaded successfully]
[2026-06-10 01:56:58,940: INFO: common: yaml file: params.yaml loaded successfully]
[2026-06-10 01:56:58,945: INFO: common: created directory at: artifacts]
[2026-06-10 02:00:46,558: INFO: common: yaml file: config\config.yaml loaded successfully]
[2026-06-10 02:00:46,566: INFO: common: yaml file: params.yaml loaded successfully]
[2026-06-10 02:00:46,569: INFO: common: created directory at: artifacts]
[2026-06-10 02:00:48,066: INFO: common: yaml file: config\config.yaml loaded successfully]
[2026-06-10 02:00:48,070: INFO: common: yaml file: params.yaml loaded successfully]
[2026-06-10 02:00:48,074: INFO: common: created directory at: artifacts]
[2026-06-10 02:00:50,048: INFO: common: yaml file: config\config.yaml loaded successfully]
[2026-06-10 02:00:50,053: INFO: common: yaml file: params.yaml loaded successfully]
[2026-06-10 02:00:50,057: INFO: common: created directory at: artifacts]
[2026-06-10 02:00:51,091: INFO: common: yaml file: config\config.yaml loaded successfully]
[2026-06-10 02:00:51,097: INFO: common: yaml file: params.yaml loaded successfully]
[2026-06-10 02:00:51,101: INFO: common: created directory at: artifacts]
[2026-06-10 02:03:01,056: INFO: common: yaml file: config\config.yaml loaded successfully]
[2026-06-10 02:03:01,062: INFO: common: yaml file: params.yaml loaded successfully]
[2026-06-10 02:03:01,065: INFO: common: created directory at: artifacts]
[2026-06-10 02:03:15,071: INFO: common: yaml file: config\config.yaml loaded successfully]
[2026-06-10 02:03:15,077: INFO: common: yaml file: params.yaml loaded successfully]
[2026-06-10 02:03:15,077: INFO: common: created directory at: artifacts]
[2026-06-10 02:05:19,835: INFO: common: yaml file: config\config.yaml loaded successfully]
[2026-06-10 02:05:19,838: INFO: common: yaml file: params.yaml loaded successfully]
[2026-06-10 02:05:19,840: INFO: common: created directory at: artifacts]
[2026-06-10 02:05:27,098: INFO: common: yaml file: config\config.yaml loaded successfully]
[2026-06-10 02:05:27,101: INFO: common: yaml file: params.yaml loaded successfully]
[2026-06-10 02:05:27,103: INFO: common: created directory at: artifacts]
[2026-06-10 02:06:48,325: INFO: common: yaml file: config\config.yaml loaded successfully]
[2026-06-10 02:06:48,329: INFO: common: yaml file: params.yaml loaded successfully]
[2026-06-10 02:06:48,331: INFO: common: created directory at: artifacts]
[2026-06-10 02:06:50,668: INFO: common: yaml file: config\config.yaml loaded successfully]
[2026-06-10 02:06:50,671: INFO: common: yaml file: params.yaml loaded successfully]
[2026-06-10 02:06:50,672: INFO: common: created directory at: artifacts]
[2026-06-10 02:10:01,409: INFO: common: yaml file: config\config.yaml loaded successfully]
[2026-06-10 02:10:01,415: INFO: common: yaml file: params.yaml loaded successfully]
[2026-06-10 02:10:01,420: INFO: common: created directory at: artifacts]
[2026-06-10 02:10:50,037: WARNING: saving_utils: Compiled the loaded model, but the compiled metrics have yet to be built. `model.compile_metrics` will be empty until you train or evaluate the model.]
[2026-06-11 02:11:57,826: INFO: main: >>>>>> stage Data Ingestion stage started <<<<<<]
[2026-06-11 02:11:57,827: INFO: common: yaml file: C:\Users\LENOVO\Kidney-Disease-Classification-DL-Project-DVC\config\config.yaml loaded successfully]
[2026-06-11 02:11:57,829: INFO: common: yaml file: C:\Users\LENOVO\Kidney-Disease-Classification-DL-Project-DVC\params.yaml loaded successfully]
[2026-06-11 02:11:57,829: INFO: common: created directory at: artifacts]
[2026-06-11 02:11:57,830: INFO: common: created directory at: artifacts/data_ingestion]
[2026-06-11 02:11:57,830: INFO: data_ingestion: Copying data from C:\Users\LENOVO\Kidney-Disease-Classification-DL-Project-DVC\kidney.zip to artifacts\data_ingestion\data.zip]
[2026-06-11 02:11:57,830: INFO: data_ingestion: File already exists at: artifacts\data_ingestion\data.zip]
[2026-06-11 02:11:57,830: INFO: data_ingestion: Extracting artifacts\data_ingestion\data.zip to artifacts\data_ingestion]
[2026-06-11 02:11:59,299: INFO: data_ingestion: Extraction completed successfully!]
[2026-06-11 02:11:59,300: INFO: main: >>>>>> stage Data Ingestion stage completed <<<<<<

x==========x]
[2026-06-11 02:11:59,300: INFO: main: *******************]
[2026-06-11 02:11:59,300: INFO: main: >>>>>> stage Prepare base model started <<<<<<]
[2026-06-11 02:11:59,301: INFO: common: yaml file: C:\Users\LENOVO\Kidney-Disease-Classification-DL-Project-DVC\config\config.yaml loaded successfully]
[2026-06-11 02:11:59,302: INFO: common: yaml file: C:\Users\LENOVO\Kidney-Disease-Classification-DL-Project-DVC\params.yaml loaded successfully]
[2026-06-11 02:11:59,302: INFO: common: created directory at: artifacts]
[2026-06-11 02:11:59,303: INFO: common: created directory at: artifacts/prepare_base_model]
[2026-06-11 02:12:00,086: WARNING: saving_api: You are saving your model as an HDF5 file via `model.save()` or `keras.saving.save_model(model)`. This file format is considered legacy. We recommend using instead the native Keras format, e.g. `model.save('my_model.keras')` or `keras.saving.save_model(model, 'my_model.keras')`. ]
[2026-06-11 02:12:00,351: WARNING: saving_api: You are saving your model as an HDF5 file via `model.save()` or `keras.saving.save_model(model)`. This file format is considered legacy. We recommend using instead the native Keras format, e.g. `model.save('my_model.keras')` or `keras.saving.save_model(model, 'my_model.keras')`. ]
[2026-06-11 02:12:00,452: INFO: main: >>>>>> stage Prepare base model completed <<<<<<

x==========x]
[2026-06-11 03:03:07,558: INFO: common: yaml file: C:\Users\LENOVO\Kidney-Disease-Classification-DL-Project-DVC\config\config.yaml loaded successfully]
[2026-06-11 03:03:07,561: INFO: common: yaml file: C:\Users\LENOVO\Kidney-Disease-Classification-DL-Project-DVC\params.yaml loaded successfully]
[2026-06-11 03:03:07,562: INFO: common: created directory at: artifacts]
[2026-06-11 03:11:21,084: INFO: common: yaml file: config\config.yaml loaded successfully]
[2026-06-11 03:11:21,091: INFO: common: yaml file: params.yaml loaded successfully]
[2026-06-11 03:11:21,094: INFO: common: created directory at: artifacts]
[2026-06-11 03:11:21,898: WARNING: saving_utils: Compiled the loaded model, but the compiled metrics have yet to be built. `model.compile_metrics` will be empty until you train or evaluate the model.]
[2026-06-11 03:24:28,074: INFO: common: yaml file: C:\Users\LENOVO\Kidney-Disease-Classification-DL-Project-DVC\config\config.yaml loaded successfully]
[2026-06-11 03:25:34,244: INFO: common: yaml file: C:\Users\LENOVO\Kidney-Disease-Classification-DL-Project-DVC\config\config.yaml loaded successfully]
[2026-06-11 03:45:24,635: INFO: common: yaml file: config\config.yaml loaded successfully]
[2026-06-11 03:45:24,639: INFO: common: yaml file: params.yaml loaded successfully]
[2026-06-11 03:45:24,640: INFO: common: created directory at: artifacts]
[2026-06-11 03:45:25,458: WARNING: saving_utils: Compiled the loaded model, but the compiled metrics have yet to be built. `model.compile_metrics` will be empty until you train or evaluate the model.]
[2026-06-11 04:15:22,627: INFO: common: yaml file: config\config.yaml loaded successfully]
[2026-06-11 04:15:22,629: INFO: common: yaml file: params.yaml loaded successfully]
[2026-06-11 04:15:22,630: INFO: common: created directory at: artifacts]
[2026-06-11 04:15:22,631: INFO: common: created directory at: artifacts/prepare_base_model]
[2026-06-11 04:16:44,210: INFO: common: yaml file: config\config.yaml loaded successfully]
[2026-06-11 04:16:44,213: INFO: common: yaml file: params.yaml loaded successfully]
[2026-06-11 04:16:44,215: INFO: common: created directory at: artifacts]
[2026-06-11 04:16:44,612: WARNING: saving_utils: Compiled the loaded model, but the compiled metrics have yet to be built. `model.compile_metrics` will be empty until you train or evaluate the model.]
[2026-06-13 02:02:00,775: INFO: main: >>>>>> stage Data Ingestion stage started <<<<<<]
[2026-06-13 02:02:00,777: INFO: common: yaml file: C:\Users\LENOVO\Kidney-Disease-Classification-DL-Project-DVC\config\config.yaml loaded successfully]
[2026-06-13 02:02:00,779: INFO: common: yaml file: C:\Users\LENOVO\Kidney-Disease-Classification-DL-Project-DVC\params.yaml loaded successfully]
[2026-06-13 02:02:00,780: INFO: common: created directory at: artifacts]
[2026-06-13 02:02:00,780: INFO: common: created directory at: artifacts/data_ingestion]
[2026-06-13 02:02:00,780: INFO: data_ingestion: Copying data from C:\Users\LENOVO\Kidney-Disease-Classification-DL-Project-DVC\kidney.zip to artifacts\data_ingestion\data.zip]
[2026-06-13 02:02:00,781: INFO: data_ingestion: File already exists at: artifacts\data_ingestion\data.zip]
[2026-06-13 02:02:00,785: INFO: data_ingestion: Extracting artifacts\data_ingestion\data.zip to artifacts\data_ingestion]
[2026-06-13 02:02:02,043: INFO: data_ingestion: Extraction completed successfully!]
[2026-06-13 02:02:02,043: INFO: main: >>>>>> stage Data Ingestion stage completed <<<<<<

x==========x]
[2026-06-13 02:02:02,043: INFO: main: *******************]
[2026-06-13 02:02:02,044: INFO: main: >>>>>> stage Prepare base model started <<<<<<]
[2026-06-13 02:02:02,044: INFO: common: yaml file: C:\Users\LENOVO\Kidney-Disease-Classification-DL-Project-DVC\config\config.yaml loaded successfully]
[2026-06-13 02:02:02,045: INFO: common: yaml file: C:\Users\LENOVO\Kidney-Disease-Classification-DL-Project-DVC\params.yaml loaded successfully]
[2026-06-13 02:02:02,046: INFO: common: created directory at: artifacts]
[2026-06-13 02:02:02,046: INFO: common: created directory at: artifacts/prepare_base_model]
[2026-06-13 02:02:02,708: WARNING: saving_api: You are saving your model as an HDF5 file via `model.save()` or `keras.saving.save_model(model)`. This file format is considered legacy. We recommend using instead the native Keras format, e.g. `model.save('my_model.keras')` or `keras.saving.save_model(model, 'my_model.keras')`. ]
[2026-06-13 02:02:02,869: WARNING: saving_api: You are saving your model as an HDF5 file via `model.save()` or `keras.saving.save_model(model)`. This file format is considered legacy. We recommend using instead the native Keras format, e.g. `model.save('my_model.keras')` or `keras.saving.save_model(model, 'my_model.keras')`. ]
[2026-06-13 02:02:02,996: INFO: main: >>>>>> stage Prepare base model completed <<<<<<

x==========x]
[2026-06-13 02:02:02,996: INFO: main: *******************]
[2026-06-13 02:02:02,997: INFO: main: >>>>>> stage Training started <<<<<<]
[2026-06-13 02:02:02,998: INFO: common: yaml file: C:\Users\LENOVO\Kidney-Disease-Classification-DL-Project-DVC\config\config.yaml loaded successfully]
[2026-06-13 02:02:02,999: INFO: common: yaml file: C:\Users\LENOVO\Kidney-Disease-Classification-DL-Project-DVC\params.yaml loaded successfully]
[2026-06-13 02:02:02,999: INFO: common: created directory at: artifacts]
[2026-06-13 02:02:02,999: INFO: common: created directory at: artifacts\training]
[2026-06-13 02:02:03,000: ERROR: main: "'Box' object has no attribute 'EPOCHS'"]
Traceback (most recent call last):
  File "box/box.py", line 605, in box.box.Box.__getitem__
KeyError: 'EPOCHS'

The above exception was the direct cause of the following exception:

Traceback (most recent call last):
  File "box/box.py", line 644, in box.box.Box.__getattr__
  File "box/box.py", line 632, in box.box.Box.__getitem__
box.exceptions.BoxKeyError: "'EPOCHS'"

During handling of the above exception, another exception occurred:

Traceback (most recent call last):
  File "box/box.py", line 646, in box.box.Box.__getattr__
AttributeError: 'Box' object has no attribute 'EPOCHS'

The above exception was the direct cause of the following exception:

Traceback (most recent call last):
  File "C:\Users\LENOVO\Kidney-Disease-Classification-DL-Project-DVC\main.py", line 42, in <module>
    model_trainer.main()
  File "C:\Users\LENOVO\Kidney-Disease-Classification-DL-Project-DVC\src\cnnClassifier\pipeline\stage_03_model_training.py", line 17, in main
    training_config = config.get_training_config()
                      ^^^^^^^^^^^^^^^^^^^^^^^^^^^^
  File "C:\Users\LENOVO\Kidney-Disease-Classification-DL-Project-DVC\src\cnnClassifier\config\configuration.py", line 68, in get_training_config
    params_epochs=params.EPOCHS,
                  ^^^^^^^^^^^^^
  File "box/box.py", line 660, in box.box.Box.__getattr__
box.exceptions.BoxKeyError: "'Box' object has no attribute 'EPOCHS'"
[2026-06-13 02:05:12,387: INFO: main: >>>>>> stage Data Ingestion stage started <<<<<<]
[2026-06-13 02:05:12,388: INFO: common: yaml file: C:\Users\LENOVO\Kidney-Disease-Classification-DL-Project-DVC\config\config.yaml loaded successfully]
[2026-06-13 02:05:12,390: INFO: common: yaml file: C:\Users\LENOVO\Kidney-Disease-Classification-DL-Project-DVC\params.yaml loaded successfully]
[2026-06-13 02:05:12,390: INFO: common: created directory at: artifacts]
[2026-06-13 02:05:12,390: INFO: common: created directory at: artifacts/data_ingestion]
[2026-06-13 02:05:12,391: INFO: data_ingestion: Copying data from C:\Users\LENOVO\Kidney-Disease-Classification-DL-Project-DVC\kidney.zip to artifacts\data_ingestion\data.zip]
[2026-06-13 02:05:12,391: INFO: data_ingestion: File already exists at: artifacts\data_ingestion\data.zip]
[2026-06-13 02:05:12,391: INFO: data_ingestion: Extracting artifacts\data_ingestion\data.zip to artifacts\data_ingestion]
[2026-06-13 02:05:13,295: INFO: data_ingestion: Extraction completed successfully!]
[2026-06-13 02:05:13,296: INFO: main: >>>>>> stage Data Ingestion stage completed <<<<<<

x==========x]
[2026-06-13 02:05:13,296: INFO: main: *******************]
[2026-06-13 02:05:13,296: INFO: main: >>>>>> stage Prepare base model started <<<<<<]
[2026-06-13 02:05:13,297: INFO: common: yaml file: C:\Users\LENOVO\Kidney-Disease-Classification-DL-Project-DVC\config\config.yaml loaded successfully]
[2026-06-13 02:05:13,298: INFO: common: yaml file: C:\Users\LENOVO\Kidney-Disease-Classification-DL-Project-DVC\params.yaml loaded successfully]
[2026-06-13 02:05:13,298: INFO: common: created directory at: artifacts]
[2026-06-13 02:05:13,298: INFO: common: created directory at: artifacts/prepare_base_model]
[2026-06-13 02:05:13,596: WARNING: saving_api: You are saving your model as an HDF5 file via `model.save()` or `keras.saving.save_model(model)`. This file format is considered legacy. We recommend using instead the native Keras format, e.g. `model.save('my_model.keras')` or `keras.saving.save_model(model, 'my_model.keras')`. ]
[2026-06-13 02:05:13,726: WARNING: saving_api: You are saving your model as an HDF5 file via `model.save()` or `keras.saving.save_model(model)`. This file format is considered legacy. We recommend using instead the native Keras format, e.g. `model.save('my_model.keras')` or `keras.saving.save_model(model, 'my_model.keras')`. ]
[2026-06-13 02:05:13,817: INFO: main: >>>>>> stage Prepare base model completed <<<<<<

x==========x]
[2026-06-13 02:05:13,817: INFO: main: *******************]
[2026-06-13 02:05:13,817: INFO: main: >>>>>> stage Training started <<<<<<]
[2026-06-13 02:05:13,818: INFO: common: yaml file: C:\Users\LENOVO\Kidney-Disease-Classification-DL-Project-DVC\config\config.yaml loaded successfully]
[2026-06-13 02:05:13,819: INFO: common: yaml file: C:\Users\LENOVO\Kidney-Disease-Classification-DL-Project-DVC\params.yaml loaded successfully]
[2026-06-13 02:05:13,819: INFO: common: created directory at: artifacts]
[2026-06-13 02:05:13,820: INFO: common: created directory at: artifacts\training]
[2026-06-13 02:05:13,953: WARNING: saving_utils: Compiled the loaded model, but the compiled metrics have yet to be built. `model.compile_metrics` will be empty until you train or evaluate the model.]
[2026-06-13 02:05:13,957: ERROR: main: [WinError 3] The system cannot find the path specified: 'artifacts\\data_ingestion\\kidney-ct-scan-image']
Traceback (most recent call last):
  File "C:\Users\LENOVO\Kidney-Disease-Classification-DL-Project-DVC\main.py", line 42, in <module>
    model_trainer.main()
  File "C:\Users\LENOVO\Kidney-Disease-Classification-DL-Project-DVC\src\cnnClassifier\pipeline\stage_03_model_training.py", line 20, in main
    training.train_valid_generator()
  File "C:\Users\LENOVO\Kidney-Disease-Classification-DL-Project-DVC\src\cnnClassifier\components\model_training.py", line 37, in train_valid_generator
    self.valid_generator = valid_datagenerator.flow_from_directory(
                           ^^^^^^^^^^^^^^^^^^^^^^^^^^^^^^^^^^^^^^^^
  File "C:\Users\LENOVO\Kidney-Disease-Classification-DL-Project-DVC\.venv\Lib\site-packages\keras\src\legacy\preprocessing\image.py", line 1136, in flow_from_directory
    return DirectoryIterator(
           ^^^^^^^^^^^^^^^^^^
  File "C:\Users\LENOVO\Kidney-Disease-Classification-DL-Project-DVC\.venv\Lib\site-packages\keras\src\legacy\preprocessing\image.py", line 456, in __init__
    for subdir in sorted(os.listdir(directory)):
                         ^^^^^^^^^^^^^^^^^^^^^
FileNotFoundError: [WinError 3] The system cannot find the path specified: 'artifacts\\data_ingestion\\kidney-ct-scan-image'
[2026-06-13 02:10:13,436: INFO: main: >>>>>> stage Data Ingestion stage started <<<<<<]
[2026-06-13 02:10:13,438: INFO: common: yaml file: C:\Users\LENOVO\Kidney-Disease-Classification-DL-Project-DVC\config\config.yaml loaded successfully]
[2026-06-13 02:10:13,438: INFO: common: yaml file: C:\Users\LENOVO\Kidney-Disease-Classification-DL-Project-DVC\params.yaml loaded successfully]
[2026-06-13 02:10:13,439: INFO: common: created directory at: artifacts]
[2026-06-13 02:10:13,439: INFO: common: created directory at: artifacts/data_ingestion]
[2026-06-13 02:10:13,439: INFO: data_ingestion: Copying data from C:\Users\LENOVO\Kidney-Disease-Classification-DL-Project-DVC\kidney.zip to artifacts\data_ingestion\data.zip]
[2026-06-13 02:10:13,440: INFO: data_ingestion: File already exists at: artifacts\data_ingestion\data.zip]
[2026-06-13 02:10:13,440: INFO: data_ingestion: Extracting artifacts\data_ingestion\data.zip to artifacts\data_ingestion]
[2026-06-13 02:10:14,425: INFO: data_ingestion: Extraction completed successfully!]
[2026-06-13 02:10:14,426: INFO: main: >>>>>> stage Data Ingestion stage completed <<<<<<

x==========x]
[2026-06-13 02:10:14,426: INFO: main: *******************]
[2026-06-13 02:10:14,426: INFO: main: >>>>>> stage Prepare base model started <<<<<<]
[2026-06-13 02:10:14,427: INFO: common: yaml file: C:\Users\LENOVO\Kidney-Disease-Classification-DL-Project-DVC\config\config.yaml loaded successfully]
[2026-06-13 02:10:14,428: INFO: common: yaml file: C:\Users\LENOVO\Kidney-Disease-Classification-DL-Project-DVC\params.yaml loaded successfully]
[2026-06-13 02:10:14,428: INFO: common: created directory at: artifacts]
[2026-06-13 02:10:14,429: INFO: common: created directory at: artifacts/prepare_base_model]
[2026-06-13 02:10:14,715: WARNING: saving_api: You are saving your model as an HDF5 file via `model.save()` or `keras.saving.save_model(model)`. This file format is considered legacy. We recommend using instead the native Keras format, e.g. `model.save('my_model.keras')` or `keras.saving.save_model(model, 'my_model.keras')`. ]
[2026-06-13 02:10:14,832: WARNING: saving_api: You are saving your model as an HDF5 file via `model.save()` or `keras.saving.save_model(model)`. This file format is considered legacy. We recommend using instead the native Keras format, e.g. `model.save('my_model.keras')` or `keras.saving.save_model(model, 'my_model.keras')`. ]
[2026-06-13 02:10:14,911: INFO: main: >>>>>> stage Prepare base model completed <<<<<<

x==========x]
[2026-06-13 02:10:14,911: INFO: main: *******************]
[2026-06-13 02:10:14,911: INFO: main: >>>>>> stage Training started <<<<<<]
[2026-06-13 02:10:14,912: INFO: common: yaml file: C:\Users\LENOVO\Kidney-Disease-Classification-DL-Project-DVC\config\config.yaml loaded successfully]
[2026-06-13 02:10:14,913: INFO: common: yaml file: C:\Users\LENOVO\Kidney-Disease-Classification-DL-Project-DVC\params.yaml loaded successfully]
[2026-06-13 02:10:14,913: INFO: common: created directory at: artifacts]
[2026-06-13 02:10:14,914: INFO: common: created directory at: artifacts\training]
[2026-06-13 02:10:15,042: WARNING: saving_utils: Compiled the loaded model, but the compiled metrics have yet to be built. `model.compile_metrics` will be empty until you train or evaluate the model.]
[2026-06-13 02:10:15,045: ERROR: main: [WinError 3] The system cannot find the path specified: 'artifacts\\data_ingestion\\kidney-ct-scan-image']
Traceback (most recent call last):
  File "C:\Users\LENOVO\Kidney-Disease-Classification-DL-Project-DVC\main.py", line 42, in <module>
    model_trainer.main()
  File "C:\Users\LENOVO\Kidney-Disease-Classification-DL-Project-DVC\src\cnnClassifier\pipeline\stage_03_model_training.py", line 20, in main
    training.train_valid_generator()
  File "C:\Users\LENOVO\Kidney-Disease-Classification-DL-Project-DVC\src\cnnClassifier\components\model_training.py", line 37, in train_valid_generator
    self.valid_generator = valid_datagenerator.flow_from_directory(
                           ^^^^^^^^^^^^^^^^^^^^^^^^^^^^^^^^^^^^^^^^
  File "C:\Users\LENOVO\Kidney-Disease-Classification-DL-Project-DVC\.venv\Lib\site-packages\keras\src\legacy\preprocessing\image.py", line 1136, in flow_from_directory
    return DirectoryIterator(
           ^^^^^^^^^^^^^^^^^^
  File "C:\Users\LENOVO\Kidney-Disease-Classification-DL-Project-DVC\.venv\Lib\site-packages\keras\src\legacy\preprocessing\image.py", line 456, in __init__
    for subdir in sorted(os.listdir(directory)):
                         ^^^^^^^^^^^^^^^^^^^^^
FileNotFoundError: [WinError 3] The system cannot find the path specified: 'artifacts\\data_ingestion\\kidney-ct-scan-image'
[2026-06-13 02:14:01,541: INFO: main: >>>>>> stage Data Ingestion stage started <<<<<<]
[2026-06-13 02:14:01,542: INFO: common: yaml file: C:\Users\LENOVO\Kidney-Disease-Classification-DL-Project-DVC\config\config.yaml loaded successfully]
[2026-06-13 02:14:01,543: INFO: common: yaml file: C:\Users\LENOVO\Kidney-Disease-Classification-DL-Project-DVC\params.yaml loaded successfully]
[2026-06-13 02:14:01,543: INFO: common: created directory at: artifacts]
[2026-06-13 02:14:01,544: INFO: common: created directory at: artifacts/data_ingestion]
[2026-06-13 02:14:01,544: INFO: data_ingestion: Copying data from C:\Users\LENOVO\Kidney-Disease-Classification-DL-Project-DVC\kidney.zip to artifacts\data_ingestion\data.zip]
[2026-06-13 02:14:01,544: INFO: data_ingestion: File already exists at: artifacts\data_ingestion\data.zip]
[2026-06-13 02:14:01,545: INFO: data_ingestion: Extracting artifacts\data_ingestion\data.zip to artifacts\data_ingestion]
[2026-06-13 02:14:02,730: INFO: data_ingestion: Extraction completed successfully!]
[2026-06-13 02:14:02,730: INFO: main: >>>>>> stage Data Ingestion stage completed <<<<<<

x==========x]
[2026-06-13 02:14:02,730: INFO: main: *******************]
[2026-06-13 02:14:02,730: INFO: main: >>>>>> stage Prepare base model started <<<<<<]
[2026-06-13 02:14:02,731: INFO: common: yaml file: C:\Users\LENOVO\Kidney-Disease-Classification-DL-Project-DVC\config\config.yaml loaded successfully]
[2026-06-13 02:14:02,732: INFO: common: yaml file: C:\Users\LENOVO\Kidney-Disease-Classification-DL-Project-DVC\params.yaml loaded successfully]
[2026-06-13 02:14:02,733: INFO: common: created directory at: artifacts]
[2026-06-13 02:14:02,734: INFO: common: created directory at: artifacts/prepare_base_model]
[2026-06-13 02:14:03,077: WARNING: saving_api: You are saving your model as an HDF5 file via `model.save()` or `keras.saving.save_model(model)`. This file format is considered legacy. We recommend using instead the native Keras format, e.g. `model.save('my_model.keras')` or `keras.saving.save_model(model, 'my_model.keras')`. ]
[2026-06-13 02:14:03,241: WARNING: saving_api: You are saving your model as an HDF5 file via `model.save()` or `keras.saving.save_model(model)`. This file format is considered legacy. We recommend using instead the native Keras format, e.g. `model.save('my_model.keras')` or `keras.saving.save_model(model, 'my_model.keras')`. ]
[2026-06-13 02:14:03,358: INFO: main: >>>>>> stage Prepare base model completed <<<<<<

x==========x]
[2026-06-13 02:14:03,359: INFO: main: *******************]
[2026-06-13 02:14:03,359: INFO: main: >>>>>> stage Training started <<<<<<]
[2026-06-13 02:14:03,360: INFO: common: yaml file: C:\Users\LENOVO\Kidney-Disease-Classification-DL-Project-DVC\config\config.yaml loaded successfully]
[2026-06-13 02:14:03,361: INFO: common: yaml file: C:\Users\LENOVO\Kidney-Disease-Classification-DL-Project-DVC\params.yaml loaded successfully]
[2026-06-13 02:14:03,361: INFO: common: created directory at: artifacts]
[2026-06-13 02:14:03,361: INFO: common: created directory at: artifacts\training]
[2026-06-13 02:14:03,521: WARNING: saving_utils: Compiled the loaded model, but the compiled metrics have yet to be built. `model.compile_metrics` will be empty until you train or evaluate the model.]
[2026-06-13 02:14:03,566: ERROR: main: Could not import PIL.Image. The use of `load_img` requires PIL.]
Traceback (most recent call last):
  File "C:\Users\LENOVO\Kidney-Disease-Classification-DL-Project-DVC\main.py", line 42, in <module>
    model_trainer.main()
  File "C:\Users\LENOVO\Kidney-Disease-Classification-DL-Project-DVC\src\cnnClassifier\pipeline\stage_03_model_training.py", line 21, in main
    training.train()
  File "C:\Users\LENOVO\Kidney-Disease-Classification-DL-Project-DVC\src\cnnClassifier\components\model_training.py", line 76, in train
    self.model.fit(
  File "C:\Users\LENOVO\Kidney-Disease-Classification-DL-Project-DVC\.venv\Lib\site-packages\keras\src\utils\traceback_utils.py", line 122, in error_handler
    raise e.with_traceback(filtered_tb) from None
  File "C:\Users\LENOVO\Kidney-Disease-Classification-DL-Project-DVC\.venv\Lib\site-packages\keras\src\utils\image_utils.py", line 239, in load_img
    raise ImportError(
ImportError: Could not import PIL.Image. The use of `load_img` requires PIL.
[2026-06-13 02:21:57,341: INFO: common: yaml file: C:\Users\LENOVO\Kidney-Disease-Classification-DL-Project-DVC\config\config.yaml loaded successfully]
[2026-06-13 02:21:57,344: INFO: common: yaml file: C:\Users\LENOVO\Kidney-Disease-Classification-DL-Project-DVC\params.yaml loaded successfully]
[2026-06-13 02:21:57,345: INFO: common: created directory at: artifacts]
[2026-06-13 02:21:57,345: INFO: common: created directory at: artifacts\training]
[2026-06-13 02:23:04,279: INFO: main: >>>>>> stage Data Ingestion stage started <<<<<<]
[2026-06-13 02:23:04,280: INFO: common: yaml file: C:\Users\LENOVO\Kidney-Disease-Classification-DL-Project-DVC\config\config.yaml loaded successfully]
[2026-06-13 02:23:04,281: INFO: common: yaml file: C:\Users\LENOVO\Kidney-Disease-Classification-DL-Project-DVC\params.yaml loaded successfully]
[2026-06-13 02:23:04,282: INFO: common: created directory at: artifacts]
[2026-06-13 02:23:04,282: INFO: common: created directory at: artifacts/data_ingestion]
[2026-06-13 02:23:04,282: INFO: data_ingestion: Copying data from C:\Users\LENOVO\Kidney-Disease-Classification-DL-Project-DVC\kidney.zip to artifacts\data_ingestion\data.zip]
[2026-06-13 02:23:04,282: INFO: data_ingestion: File already exists at: artifacts\data_ingestion\data.zip]
[2026-06-13 02:23:04,283: INFO: data_ingestion: Extracting artifacts\data_ingestion\data.zip to artifacts\data_ingestion]
[2026-06-13 02:23:05,306: INFO: data_ingestion: Extraction completed successfully!]
[2026-06-13 02:23:05,306: INFO: main: >>>>>> stage Data Ingestion stage completed <<<<<<

x==========x]
[2026-06-13 02:23:05,306: INFO: main: *******************]
[2026-06-13 02:23:05,306: INFO: main: >>>>>> stage Prepare base model started <<<<<<]
[2026-06-13 02:23:05,308: INFO: common: yaml file: C:\Users\LENOVO\Kidney-Disease-Classification-DL-Project-DVC\config\config.yaml loaded successfully]
[2026-06-13 02:23:05,309: INFO: common: yaml file: C:\Users\LENOVO\Kidney-Disease-Classification-DL-Project-DVC\params.yaml loaded successfully]
[2026-06-13 02:23:05,309: INFO: common: created directory at: artifacts]
[2026-06-13 02:23:05,310: INFO: common: created directory at: artifacts/prepare_base_model]
[2026-06-13 02:23:05,825: WARNING: saving_api: You are saving your model as an HDF5 file via `model.save()` or `keras.saving.save_model(model)`. This file format is considered legacy. We recommend using instead the native Keras format, e.g. `model.save('my_model.keras')` or `keras.saving.save_model(model, 'my_model.keras')`. ]
[2026-06-13 02:23:05,971: WARNING: saving_api: You are saving your model as an HDF5 file via `model.save()` or `keras.saving.save_model(model)`. This file format is considered legacy. We recommend using instead the native Keras format, e.g. `model.save('my_model.keras')` or `keras.saving.save_model(model, 'my_model.keras')`. ]
[2026-06-13 02:23:06,064: INFO: main: >>>>>> stage Prepare base model completed <<<<<<

x==========x]
[2026-06-13 02:23:06,065: INFO: main: *******************]
[2026-06-13 02:23:06,065: INFO: main: >>>>>> stage Training started <<<<<<]
[2026-06-13 02:23:06,066: INFO: common: yaml file: C:\Users\LENOVO\Kidney-Disease-Classification-DL-Project-DVC\config\config.yaml loaded successfully]
[2026-06-13 02:23:06,067: INFO: common: yaml file: C:\Users\LENOVO\Kidney-Disease-Classification-DL-Project-DVC\params.yaml loaded successfully]
[2026-06-13 02:23:06,067: INFO: common: created directory at: artifacts]
[2026-06-13 02:23:06,067: INFO: common: created directory at: artifacts\training]
[2026-06-13 02:23:06,209: WARNING: saving_utils: Compiled the loaded model, but the compiled metrics have yet to be built. `model.compile_metrics` will be empty until you train or evaluate the model.]
[2026-06-13 02:23:06,257: ERROR: main: Could not import PIL.Image. The use of `load_img` requires PIL.]
Traceback (most recent call last):
  File "C:\Users\LENOVO\Kidney-Disease-Classification-DL-Project-DVC\main.py", line 42, in <module>
    model_trainer.main()
  File "C:\Users\LENOVO\Kidney-Disease-Classification-DL-Project-DVC\src\cnnClassifier\pipeline\stage_03_model_training.py", line 21, in main
    training.train()
  File "C:\Users\LENOVO\Kidney-Disease-Classification-DL-Project-DVC\src\cnnClassifier\components\model_training.py", line 76, in train
    self.model.fit(
  File "C:\Users\LENOVO\Kidney-Disease-Classification-DL-Project-DVC\.venv\Lib\site-packages\keras\src\utils\traceback_utils.py", line 122, in error_handler
    raise e.with_traceback(filtered_tb) from None
  File "C:\Users\LENOVO\Kidney-Disease-Classification-DL-Project-DVC\.venv\Lib\site-packages\keras\src\utils\image_utils.py", line 239, in load_img
    raise ImportError(
ImportError: Could not import PIL.Image. The use of `load_img` requires PIL.
[2026-06-13 02:26:11,310: INFO: main: >>>>>> stage Data Ingestion stage started <<<<<<]
[2026-06-13 02:26:11,311: INFO: common: yaml file: C:\Users\LENOVO\Kidney-Disease-Classification-DL-Project-DVC\config\config.yaml loaded successfully]
[2026-06-13 02:26:11,313: INFO: common: yaml file: C:\Users\LENOVO\Kidney-Disease-Classification-DL-Project-DVC\params.yaml loaded successfully]
[2026-06-13 02:26:11,314: INFO: common: created directory at: artifacts]
[2026-06-13 02:26:11,314: INFO: common: created directory at: artifacts/data_ingestion]
[2026-06-13 02:26:11,315: INFO: data_ingestion: Copying data from C:\Users\LENOVO\Kidney-Disease-Classification-DL-Project-DVC\kidney.zip to artifacts\data_ingestion\data.zip]
[2026-06-13 02:26:11,315: INFO: data_ingestion: File already exists at: artifacts\data_ingestion\data.zip]
[2026-06-13 02:26:11,315: INFO: data_ingestion: Extracting artifacts\data_ingestion\data.zip to artifacts\data_ingestion]
[2026-06-13 02:26:12,509: INFO: data_ingestion: Extraction completed successfully!]
[2026-06-13 02:26:12,510: INFO: main: >>>>>> stage Data Ingestion stage completed <<<<<<

x==========x]
[2026-06-13 02:26:12,510: INFO: main: *******************]
[2026-06-13 02:26:12,510: INFO: main: >>>>>> stage Prepare base model started <<<<<<]
[2026-06-13 02:26:12,511: INFO: common: yaml file: C:\Users\LENOVO\Kidney-Disease-Classification-DL-Project-DVC\config\config.yaml loaded successfully]
[2026-06-13 02:26:12,512: INFO: common: yaml file: C:\Users\LENOVO\Kidney-Disease-Classification-DL-Project-DVC\params.yaml loaded successfully]
[2026-06-13 02:26:12,512: INFO: common: created directory at: artifacts]
[2026-06-13 02:26:12,513: INFO: common: created directory at: artifacts/prepare_base_model]
[2026-06-13 02:26:12,860: WARNING: saving_api: You are saving your model as an HDF5 file via `model.save()` or `keras.saving.save_model(model)`. This file format is considered legacy. We recommend using instead the native Keras format, e.g. `model.save('my_model.keras')` or `keras.saving.save_model(model, 'my_model.keras')`. ]
[2026-06-13 02:26:13,022: WARNING: saving_api: You are saving your model as an HDF5 file via `model.save()` or `keras.saving.save_model(model)`. This file format is considered legacy. We recommend using instead the native Keras format, e.g. `model.save('my_model.keras')` or `keras.saving.save_model(model, 'my_model.keras')`. ]
[2026-06-13 02:26:13,150: INFO: main: >>>>>> stage Prepare base model completed <<<<<<

x==========x]
[2026-06-13 02:26:13,150: INFO: main: *******************]
[2026-06-13 02:26:13,151: INFO: main: >>>>>> stage Training started <<<<<<]
[2026-06-13 02:26:13,152: INFO: common: yaml file: C:\Users\LENOVO\Kidney-Disease-Classification-DL-Project-DVC\config\config.yaml loaded successfully]
[2026-06-13 02:26:13,153: INFO: common: yaml file: C:\Users\LENOVO\Kidney-Disease-Classification-DL-Project-DVC\params.yaml loaded successfully]
[2026-06-13 02:26:13,153: INFO: common: created directory at: artifacts]
[2026-06-13 02:26:13,154: INFO: common: created directory at: artifacts\training]
[2026-06-13 02:26:13,314: WARNING: saving_utils: Compiled the loaded model, but the compiled metrics have yet to be built. `model.compile_metrics` will be empty until you train or evaluate the model.]
[2026-06-13 02:26:13,386: ERROR: main: This requires the scipy module. You can install it via `pip install scipy`]
Traceback (most recent call last):
  File "C:\Users\LENOVO\Kidney-Disease-Classification-DL-Project-DVC\main.py", line 42, in <module>
    model_trainer.main()
  File "C:\Users\LENOVO\Kidney-Disease-Classification-DL-Project-DVC\src\cnnClassifier\pipeline\stage_03_model_training.py", line 21, in main
    training.train()
  File "C:\Users\LENOVO\Kidney-Disease-Classification-DL-Project-DVC\src\cnnClassifier\components\model_training.py", line 76, in train
    self.model.fit(
  File "C:\Users\LENOVO\Kidney-Disease-Classification-DL-Project-DVC\.venv\Lib\site-packages\keras\src\utils\traceback_utils.py", line 122, in error_handler
    raise e.with_traceback(filtered_tb) from None
  File "C:\Users\LENOVO\Kidney-Disease-Classification-DL-Project-DVC\.venv\Lib\site-packages\keras\src\utils\module_utils.py", line 29, in initialize
    raise ImportError(self.import_error_msg)
ImportError: This requires the scipy module. You can install it via `pip install scipy`
[2026-06-13 02:28:04,460: INFO: main: >>>>>> stage Data Ingestion stage started <<<<<<]
[2026-06-13 02:28:04,461: INFO: common: yaml file: C:\Users\LENOVO\Kidney-Disease-Classification-DL-Project-DVC\config\config.yaml loaded successfully]
[2026-06-13 02:28:04,462: INFO: common: yaml file: C:\Users\LENOVO\Kidney-Disease-Classification-DL-Project-DVC\params.yaml loaded successfully]
[2026-06-13 02:28:04,462: INFO: common: created directory at: artifacts]
[2026-06-13 02:28:04,463: INFO: common: created directory at: artifacts/data_ingestion]
[2026-06-13 02:28:04,463: INFO: data_ingestion: Copying data from C:\Users\LENOVO\Kidney-Disease-Classification-DL-Project-DVC\kidney.zip to artifacts\data_ingestion\data.zip]
[2026-06-13 02:28:04,464: INFO: data_ingestion: File already exists at: artifacts\data_ingestion\data.zip]
[2026-06-13 02:28:04,464: INFO: data_ingestion: Extracting artifacts\data_ingestion\data.zip to artifacts\data_ingestion]
[2026-06-13 02:28:05,682: INFO: data_ingestion: Extraction completed successfully!]
[2026-06-13 02:28:05,683: INFO: main: >>>>>> stage Data Ingestion stage completed <<<<<<

x==========x]
[2026-06-13 02:28:05,683: INFO: main: *******************]
[2026-06-13 02:28:05,683: INFO: main: >>>>>> stage Prepare base model started <<<<<<]
[2026-06-13 02:28:05,685: INFO: common: yaml file: C:\Users\LENOVO\Kidney-Disease-Classification-DL-Project-DVC\config\config.yaml loaded successfully]
[2026-06-13 02:28:05,686: INFO: common: yaml file: C:\Users\LENOVO\Kidney-Disease-Classification-DL-Project-DVC\params.yaml loaded successfully]
[2026-06-13 02:28:05,687: INFO: common: created directory at: artifacts]
[2026-06-13 02:28:05,688: INFO: common: created directory at: artifacts/prepare_base_model]
[2026-06-13 02:28:06,019: WARNING: saving_api: You are saving your model as an HDF5 file via `model.save()` or `keras.saving.save_model(model)`. This file format is considered legacy. We recommend using instead the native Keras format, e.g. `model.save('my_model.keras')` or `keras.saving.save_model(model, 'my_model.keras')`. ]
[2026-06-13 02:28:06,170: WARNING: saving_api: You are saving your model as an HDF5 file via `model.save()` or `keras.saving.save_model(model)`. This file format is considered legacy. We recommend using instead the native Keras format, e.g. `model.save('my_model.keras')` or `keras.saving.save_model(model, 'my_model.keras')`. ]
[2026-06-13 02:28:06,349: INFO: main: >>>>>> stage Prepare base model completed <<<<<<

x==========x]
[2026-06-13 02:28:06,349: INFO: main: *******************]
[2026-06-13 02:28:06,349: INFO: main: >>>>>> stage Training started <<<<<<]
[2026-06-13 02:28:06,351: INFO: common: yaml file: C:\Users\LENOVO\Kidney-Disease-Classification-DL-Project-DVC\config\config.yaml loaded successfully]
[2026-06-13 02:28:06,353: INFO: common: yaml file: C:\Users\LENOVO\Kidney-Disease-Classification-DL-Project-DVC\params.yaml loaded successfully]
[2026-06-13 02:28:06,353: INFO: common: created directory at: artifacts]
[2026-06-13 02:28:06,355: INFO: common: created directory at: artifacts\training]
[2026-06-13 02:28:06,514: WARNING: saving_utils: Compiled the loaded model, but the compiled metrics have yet to be built. `model.compile_metrics` will be empty until you train or evaluate the model.]
[2026-06-13 02:28:07,472: ERROR: main: Unknown variable: <Variable path=dense/kernel, shape=(25088, 2), dtype=float32>. This optimizer can only be called for the variables it was originally built with. When working with a new set of variables, you should recreate a new optimizer instance.]
Traceback (most recent call last):
  File "C:\Users\LENOVO\Kidney-Disease-Classification-DL-Project-DVC\main.py", line 42, in <module>
    model_trainer.main()
  File "C:\Users\LENOVO\Kidney-Disease-Classification-DL-Project-DVC\src\cnnClassifier\pipeline\stage_03_model_training.py", line 21, in main
    training.train()
  File "C:\Users\LENOVO\Kidney-Disease-Classification-DL-Project-DVC\src\cnnClassifier\components\model_training.py", line 76, in train
    self.model.fit(
  File "C:\Users\LENOVO\Kidney-Disease-Classification-DL-Project-DVC\.venv\Lib\site-packages\keras\src\utils\traceback_utils.py", line 122, in error_handler
    raise e.with_traceback(filtered_tb) from None
  File "C:\Users\LENOVO\Kidney-Disease-Classification-DL-Project-DVC\.venv\Lib\site-packages\keras\src\optimizers\base_optimizer.py", line 408, in _check_variables_are_known
    raise ValueError(
ValueError: Unknown variable: <Variable path=dense/kernel, shape=(25088, 2), dtype=float32>. This optimizer can only be called for the variables it was originally built with. When working with a new set of variables, you should recreate a new optimizer instance.
[2026-06-13 02:31:28,553: INFO: main: >>>>>> stage Data Ingestion stage started <<<<<<]
[2026-06-13 02:31:28,555: INFO: common: yaml file: C:\Users\LENOVO\Kidney-Disease-Classification-DL-Project-DVC\config\config.yaml loaded successfully]
[2026-06-13 02:31:28,557: INFO: common: yaml file: C:\Users\LENOVO\Kidney-Disease-Classification-DL-Project-DVC\params.yaml loaded successfully]
[2026-06-13 02:31:28,557: INFO: common: created directory at: artifacts]
[2026-06-13 02:31:28,557: INFO: common: created directory at: artifacts/data_ingestion]
[2026-06-13 02:31:28,557: INFO: data_ingestion: Copying data from C:\Users\LENOVO\Kidney-Disease-Classification-DL-Project-DVC\kidney.zip to artifacts\data_ingestion\data.zip]
[2026-06-13 02:31:28,558: INFO: data_ingestion: File already exists at: artifacts\data_ingestion\data.zip]
[2026-06-13 02:31:28,558: INFO: data_ingestion: Extracting artifacts\data_ingestion\data.zip to artifacts\data_ingestion]
[2026-06-13 02:31:29,698: INFO: data_ingestion: Extraction completed successfully!]
[2026-06-13 02:31:29,698: INFO: main: >>>>>> stage Data Ingestion stage completed <<<<<<

x==========x]
[2026-06-13 02:31:29,699: INFO: main: *******************]
[2026-06-13 02:31:29,699: INFO: main: >>>>>> stage Prepare base model started <<<<<<]
[2026-06-13 02:31:29,701: INFO: common: yaml file: C:\Users\LENOVO\Kidney-Disease-Classification-DL-Project-DVC\config\config.yaml loaded successfully]
[2026-06-13 02:31:29,702: INFO: common: yaml file: C:\Users\LENOVO\Kidney-Disease-Classification-DL-Project-DVC\params.yaml loaded successfully]
[2026-06-13 02:31:29,703: INFO: common: created directory at: artifacts]
[2026-06-13 02:31:29,703: INFO: common: created directory at: artifacts/prepare_base_model]
[2026-06-13 02:31:30,402: WARNING: saving_api: You are saving your model as an HDF5 file via `model.save()` or `keras.saving.save_model(model)`. This file format is considered legacy. We recommend using instead the native Keras format, e.g. `model.save('my_model.keras')` or `keras.saving.save_model(model, 'my_model.keras')`. ]
[2026-06-13 02:31:30,571: WARNING: saving_api: You are saving your model as an HDF5 file via `model.save()` or `keras.saving.save_model(model)`. This file format is considered legacy. We recommend using instead the native Keras format, e.g. `model.save('my_model.keras')` or `keras.saving.save_model(model, 'my_model.keras')`. ]
[2026-06-13 02:31:30,673: INFO: main: >>>>>> stage Prepare base model completed <<<<<<

x==========x]
[2026-06-13 02:31:30,673: INFO: main: *******************]
[2026-06-13 02:31:30,673: INFO: main: >>>>>> stage Training started <<<<<<]
[2026-06-13 02:31:30,674: INFO: common: yaml file: C:\Users\LENOVO\Kidney-Disease-Classification-DL-Project-DVC\config\config.yaml loaded successfully]
[2026-06-13 02:31:30,675: INFO: common: yaml file: C:\Users\LENOVO\Kidney-Disease-Classification-DL-Project-DVC\params.yaml loaded successfully]
[2026-06-13 02:31:30,675: INFO: common: created directory at: artifacts]
[2026-06-13 02:31:30,676: INFO: common: created directory at: artifacts\training]
[2026-06-13 02:31:30,812: WARNING: saving_utils: Compiled the loaded model, but the compiled metrics have yet to be built. `model.compile_metrics` will be empty until you train or evaluate the model.]
[2026-06-13 02:31:30,815: ERROR: main: 'TrainingConfig' object has no attribute 'params_learning_rate']
Traceback (most recent call last):
  File "C:\Users\LENOVO\Kidney-Disease-Classification-DL-Project-DVC\main.py", line 42, in <module>
    model_trainer.main()
  File "C:\Users\LENOVO\Kidney-Disease-Classification-DL-Project-DVC\src\cnnClassifier\pipeline\stage_03_model_training.py", line 19, in main
    training.get_base_model()
  File "C:\Users\LENOVO\Kidney-Disease-Classification-DL-Project-DVC\src\cnnClassifier\components\model_training.py", line 21, in get_base_model
    optimizer=tf.keras.optimizers.Adam(learning_rate=self.config.params_learning_rate),
                                                     ^^^^^^^^^^^^^^^^^^^^^^^^^^^^^^^^
AttributeError: 'TrainingConfig' object has no attribute 'params_learning_rate'
[2026-06-13 02:33:56,508: INFO: main: >>>>>> stage Data Ingestion stage started <<<<<<]
[2026-06-13 02:33:56,509: INFO: common: yaml file: C:\Users\LENOVO\Kidney-Disease-Classification-DL-Project-DVC\config\config.yaml loaded successfully]
[2026-06-13 02:33:56,510: INFO: common: yaml file: C:\Users\LENOVO\Kidney-Disease-Classification-DL-Project-DVC\params.yaml loaded successfully]
[2026-06-13 02:33:56,511: INFO: common: created directory at: artifacts]
[2026-06-13 02:33:56,511: INFO: common: created directory at: artifacts/data_ingestion]
[2026-06-13 02:33:56,512: INFO: data_ingestion: Copying data from C:\Users\LENOVO\Kidney-Disease-Classification-DL-Project-DVC\kidney.zip to artifacts\data_ingestion\data.zip]
[2026-06-13 02:33:56,512: INFO: data_ingestion: File already exists at: artifacts\data_ingestion\data.zip]
[2026-06-13 02:33:56,512: INFO: data_ingestion: Extracting artifacts\data_ingestion\data.zip to artifacts\data_ingestion]
[2026-06-13 02:33:57,438: INFO: data_ingestion: Extraction completed successfully!]
[2026-06-13 02:33:57,438: INFO: main: >>>>>> stage Data Ingestion stage completed <<<<<<

x==========x]
[2026-06-13 02:33:57,438: INFO: main: *******************]
[2026-06-13 02:33:57,438: INFO: main: >>>>>> stage Prepare base model started <<<<<<]
[2026-06-13 02:33:57,439: INFO: common: yaml file: C:\Users\LENOVO\Kidney-Disease-Classification-DL-Project-DVC\config\config.yaml loaded successfully]
[2026-06-13 02:33:57,440: INFO: common: yaml file: C:\Users\LENOVO\Kidney-Disease-Classification-DL-Project-DVC\params.yaml loaded successfully]
[2026-06-13 02:33:57,441: INFO: common: created directory at: artifacts]
[2026-06-13 02:33:57,441: INFO: common: created directory at: artifacts/prepare_base_model]
[2026-06-13 02:33:57,747: WARNING: saving_api: You are saving your model as an HDF5 file via `model.save()` or `keras.saving.save_model(model)`. This file format is considered legacy. We recommend using instead the native Keras format, e.g. `model.save('my_model.keras')` or `keras.saving.save_model(model, 'my_model.keras')`. ]
[2026-06-13 02:33:57,887: WARNING: saving_api: You are saving your model as an HDF5 file via `model.save()` or `keras.saving.save_model(model)`. This file format is considered legacy. We recommend using instead the native Keras format, e.g. `model.save('my_model.keras')` or `keras.saving.save_model(model, 'my_model.keras')`. ]
[2026-06-13 02:33:57,989: INFO: main: >>>>>> stage Prepare base model completed <<<<<<

x==========x]
[2026-06-13 02:33:57,989: INFO: main: *******************]
[2026-06-13 02:33:57,989: INFO: main: >>>>>> stage Training started <<<<<<]
[2026-06-13 02:33:57,990: INFO: common: yaml file: C:\Users\LENOVO\Kidney-Disease-Classification-DL-Project-DVC\config\config.yaml loaded successfully]
[2026-06-13 02:33:57,991: INFO: common: yaml file: C:\Users\LENOVO\Kidney-Disease-Classification-DL-Project-DVC\params.yaml loaded successfully]
[2026-06-13 02:33:57,991: INFO: common: created directory at: artifacts]
[2026-06-13 02:33:57,991: INFO: common: created directory at: artifacts\training]
[2026-06-13 02:33:58,130: WARNING: saving_utils: Compiled the loaded model, but the compiled metrics have yet to be built. `model.compile_metrics` will be empty until you train or evaluate the model.]
[2026-06-13 02:38:07,187: WARNING: saving_api: You are saving your model as an HDF5 file via `model.save()` or `keras.saving.save_model(model)`. This file format is considered legacy. We recommend using instead the native Keras format, e.g. `model.save('my_model.keras')` or `keras.saving.save_model(model, 'my_model.keras')`. ]
[2026-06-13 02:38:07,285: INFO: main: >>>>>> stage Training completed <<<<<<

x==========x]
[2026-06-14 20:43:13,826: INFO: _client: HTTP Request: GET https://dagshub.com/api/v1/repos/Anshika102005/Kidney-Disease-Classification-DL-Project-DVC "HTTP/1.1 200 OK"]
[2026-06-14 20:43:13,838: INFO: helpers: Initialized MLflow to track repo "Anshika102005/Kidney-Disease-Classification-DL-Project-DVC"]
[2026-06-14 20:43:13,842: INFO: helpers: Repository Anshika102005/Kidney-Disease-Classification-DL-Project-DVC initialized!]
[2026-06-14 22:08:09,260: INFO: _client: HTTP Request: GET https://dagshub.com/api/v1/user "HTTP/1.1 200 OK"]
[2026-06-14 22:08:17,850: INFO: _client: HTTP Request: GET https://dagshub.com/api/v1/user "HTTP/1.1 200 OK"]
[2026-06-14 22:08:18,898: INFO: _client: HTTP Request: GET https://dagshub.com/api/v1/repos/Anshika102005/Kidney-Disease-Classification-DL-Project-DVC "HTTP/1.1 200 OK"]
[2026-06-14 22:08:19,985: INFO: _client: HTTP Request: GET https://dagshub.com/api/v1/user "HTTP/1.1 200 OK"]
[2026-06-14 22:08:19,990: INFO: helpers: Initialized MLflow to track repo "Anshika102005/Kidney-Disease-Classification-DL-Project-DVC"]
[2026-06-14 22:08:19,992: INFO: helpers: Repository Anshika102005/Kidney-Disease-Classification-DL-Project-DVC initialized!]
[2026-06-15 03:07:22,722: INFO: common: yaml file: config\config.yaml loaded successfully]
[2026-06-15 03:07:22,731: INFO: common: yaml file: params.yaml loaded successfully]
[2026-06-15 03:07:22,733: INFO: common: created directory at: artifacts]
[2026-06-15 03:20:21,654: INFO: _client: HTTP Request: GET https://dagshub.com/api/v1/user "HTTP/1.1 403 Forbidden"]
[2026-06-15 03:21:02,464: INFO: _client: HTTP Request: GET https://dagshub.com/api/v1/repos/Anshika102005/Kidney-Disease-Classification-DL-Project-DVC "HTTP/1.1 200 OK"]
[2026-06-15 03:21:02,473: INFO: helpers: Initialized MLflow to track repo "Anshika102005/Kidney-Disease-Classification-DL-Project-DVC"]
[2026-06-15 03:21:02,476: INFO: helpers: Repository Anshika102005/Kidney-Disease-Classification-DL-Project-DVC initialized!]
[2026-06-15 03:40:08,581: INFO: common: yaml file: config\config.yaml loaded successfully]
[2026-06-15 03:40:08,595: INFO: common: yaml file: params.yaml loaded successfully]
[2026-06-15 03:40:08,599: INFO: common: created directory at: artifacts]
[2026-06-15 03:40:34,193: INFO: _client: HTTP Request: GET https://dagshub.com/api/v1/repos/Anshika102005/Kidney-Disease-Classification-DL-Project-DVC "HTTP/1.1 200 OK"]
[2026-06-15 03:40:34,200: INFO: helpers: Initialized MLflow to track repo "Anshika102005/Kidney-Disease-Classification-DL-Project-DVC"]
[2026-06-15 03:40:34,202: INFO: helpers: Repository Anshika102005/Kidney-Disease-Classification-DL-Project-DVC initialized!]
[2026-06-15 05:23:15,015: INFO: common: yaml file: config\config.yaml loaded successfully]
[2026-06-15 05:23:15,020: INFO: common: yaml file: params.yaml loaded successfully]
[2026-06-15 05:23:15,022: INFO: common: created directory at: artifacts]
[2026-06-15 05:23:15,564: WARNING: saving_utils: Compiled the loaded model, but the compiled metrics have yet to be built. `model.compile_metrics` will be empty until you train or evaluate the model.]
[2026-06-16 01:46:21,191: INFO: _client: HTTP Request: GET https://dagshub.com/api/v1/user "HTTP/1.1 200 OK"]
[2026-06-16 01:46:21,205: INFO: helpers: Accessing as Anshika102005]
[2026-06-16 01:46:29,859: INFO: _client: HTTP Request: GET https://dagshub.com/api/v1/repos/Anshika102005/Kidney-Disease-Classification-DL-Project-DVC "HTTP/1.1 200 OK"]
[2026-06-16 01:46:35,857: INFO: _client: HTTP Request: GET https://dagshub.com/api/v1/user "HTTP/1.1 200 OK"]
[2026-06-16 01:46:35,864: INFO: helpers: Initialized MLflow to track repo "Anshika102005/Kidney-Disease-Classification-DL-Project-DVC"]
[2026-06-16 01:46:35,867: INFO: helpers: Repository Anshika102005/Kidney-Disease-Classification-DL-Project-DVC initialized!]
[2026-06-16 01:46:45,661: INFO: common: yaml file: C:\Users\LENOVO\Kidney-Disease-Classification-DL-Project-DVC\config\config.yaml loaded successfully]
[2026-06-16 01:46:45,665: INFO: common: yaml file: C:\Users\LENOVO\Kidney-Disease-Classification-DL-Project-DVC\params.yaml loaded successfully]
[2026-06-16 01:46:45,667: INFO: common: created directory at: artifacts]
[2026-06-16 01:46:51,150: INFO: common: yaml file: C:\Users\LENOVO\Kidney-Disease-Classification-DL-Project-DVC\config\config.yaml loaded successfully]
[2026-06-16 01:46:51,153: INFO: common: yaml file: C:\Users\LENOVO\Kidney-Disease-Classification-DL-Project-DVC\params.yaml loaded successfully]
[2026-06-16 01:46:51,154: INFO: common: created directory at: artifacts]
[2026-06-16 01:47:02,066: INFO: common: yaml file: C:\Users\LENOVO\Kidney-Disease-Classification-DL-Project-DVC\config\config.yaml loaded successfully]
[2026-06-16 01:47:02,070: INFO: common: yaml file: C:\Users\LENOVO\Kidney-Disease-Classification-DL-Project-DVC\params.yaml loaded successfully]
[2026-06-16 01:47:02,072: INFO: common: created directory at: artifacts]
[2026-06-16 01:53:12,148: INFO: common: yaml file: C:\Users\LENOVO\Kidney-Disease-Classification-DL-Project-DVC\config\config.yaml loaded successfully]
[2026-06-16 01:53:12,151: INFO: common: yaml file: C:\Users\LENOVO\Kidney-Disease-Classification-DL-Project-DVC\params.yaml loaded successfully]
[2026-06-16 01:53:12,153: INFO: common: created directory at: artifacts]
[2026-06-16 02:03:32,000: INFO: _client: HTTP Request: GET https://dagshub.com/api/v1/user "HTTP/1.1 200 OK"]
[2026-06-16 02:03:32,018: INFO: helpers: Accessing as Anshika102005]
[2026-06-16 02:03:37,162: INFO: _client: HTTP Request: GET https://dagshub.com/api/v1/repos/Anshika102005/Kidney-Disease-Classification-DL-Project-DVC "HTTP/1.1 200 OK"]
[2026-06-16 02:03:43,143: INFO: _client: HTTP Request: GET https://dagshub.com/api/v1/user "HTTP/1.1 200 OK"]
[2026-06-16 02:03:43,172: INFO: helpers: Initialized MLflow to track repo "Anshika102005/Kidney-Disease-Classification-DL-Project-DVC"]
[2026-06-16 02:03:43,177: INFO: helpers: Repository Anshika102005/Kidney-Disease-Classification-DL-Project-DVC initialized!]
[2026-06-16 02:03:43,331: INFO: common: yaml file: C:\Users\LENOVO\Kidney-Disease-Classification-DL-Project-DVC\config\config.yaml loaded successfully]
[2026-06-16 02:03:43,340: INFO: common: yaml file: C:\Users\LENOVO\Kidney-Disease-Classification-DL-Project-DVC\params.yaml loaded successfully]
[2026-06-16 02:03:43,344: INFO: common: created directory at: artifacts]
[2026-06-16 02:06:45,604: INFO: common: yaml file: C:\Users\LENOVO\Kidney-Disease-Classification-DL-Project-DVC\config\config.yaml loaded successfully]
[2026-06-16 02:06:45,606: INFO: common: yaml file: C:\Users\LENOVO\Kidney-Disease-Classification-DL-Project-DVC\params.yaml loaded successfully]
[2026-06-16 02:06:45,608: INFO: common: created directory at: artifacts]
[2026-06-16 02:06:46,674: INFO: common: yaml file: C:\Users\LENOVO\Kidney-Disease-Classification-DL-Project-DVC\config\config.yaml loaded successfully]
[2026-06-16 02:06:46,676: INFO: common: yaml file: C:\Users\LENOVO\Kidney-Disease-Classification-DL-Project-DVC\params.yaml loaded successfully]
[2026-06-16 02:06:46,679: INFO: common: created directory at: artifacts]
[2026-06-16 02:06:50,320: INFO: _client: HTTP Request: GET https://dagshub.com/api/v1/repos/Anshika102005/Kidney-Disease-Classification-DL-Project-DVC "HTTP/1.1 200 OK"]
[2026-06-16 02:06:50,325: INFO: helpers: Initialized MLflow to track repo "Anshika102005/Kidney-Disease-Classification-DL-Project-DVC"]
[2026-06-16 02:06:50,327: INFO: helpers: Repository Anshika102005/Kidney-Disease-Classification-DL-Project-DVC initialized!]
[2026-06-16 02:06:50,329: INFO: model_evaluation_mlflow: Loading model from: C:\Users\LENOVO\Kidney-Disease-Classification-DL-Project-DVC\artifacts\training\trained_model.h5]
[2026-06-16 02:07:08,599: INFO: common: yaml file: C:\Users\LENOVO\Kidney-Disease-Classification-DL-Project-DVC\config\config.yaml loaded successfully]
[2026-06-16 02:07:08,601: INFO: common: yaml file: C:\Users\LENOVO\Kidney-Disease-Classification-DL-Project-DVC\params.yaml loaded successfully]
[2026-06-16 02:07:08,602: INFO: common: created directory at: artifacts]
[2026-06-16 02:07:11,478: INFO: _client: HTTP Request: GET https://dagshub.com/api/v1/repos/Anshika102005/Kidney-Disease-Classification-DL-Project-DVC "HTTP/1.1 200 OK"]
[2026-06-16 02:07:11,484: INFO: helpers: Initialized MLflow to track repo "Anshika102005/Kidney-Disease-Classification-DL-Project-DVC"]
[2026-06-16 02:07:11,486: INFO: helpers: Repository Anshika102005/Kidney-Disease-Classification-DL-Project-DVC initialized!]
[2026-06-16 02:07:11,487: INFO: model_evaluation_mlflow: Loading model from: C:\Users\LENOVO\Kidney-Disease-Classification-DL-Project-DVC\artifacts\training\trained_model.h5]
[2026-06-16 02:10:48,159: INFO: _client: HTTP Request: GET https://dagshub.com/api/v1/repos/Anshika102005/Kidney-Disease-Classification-DL-Project-DVC "HTTP/1.1 200 OK"]
[2026-06-16 02:10:48,170: INFO: helpers: Initialized MLflow to track repo "Anshika102005/Kidney-Disease-Classification-DL-Project-DVC"]
[2026-06-16 02:10:48,173: INFO: helpers: Repository Anshika102005/Kidney-Disease-Classification-DL-Project-DVC initialized!]
[2026-06-16 02:10:48,235: INFO: common: yaml file: C:\Users\LENOVO\Kidney-Disease-Classification-DL-Project-DVC\config\config.yaml loaded successfully]
[2026-06-16 02:10:48,238: INFO: common: yaml file: C:\Users\LENOVO\Kidney-Disease-Classification-DL-Project-DVC\params.yaml loaded successfully]
[2026-06-16 02:10:48,240: INFO: common: created directory at: artifacts]
[2026-06-16 02:10:56,449: INFO: common: yaml file: C:\Users\LENOVO\Kidney-Disease-Classification-DL-Project-DVC\config\config.yaml loaded successfully]
[2026-06-16 02:10:56,451: INFO: common: yaml file: C:\Users\LENOVO\Kidney-Disease-Classification-DL-Project-DVC\params.yaml loaded successfully]
[2026-06-16 02:10:56,452: INFO: common: created directory at: artifacts]
[2026-06-16 02:10:57,087: INFO: common: yaml file: C:\Users\LENOVO\Kidney-Disease-Classification-DL-Project-DVC\config\config.yaml loaded successfully]
[2026-06-16 02:10:57,090: INFO: common: yaml file: C:\Users\LENOVO\Kidney-Disease-Classification-DL-Project-DVC\params.yaml loaded successfully]
[2026-06-16 02:10:57,091: INFO: common: created directory at: artifacts]
[2026-06-16 02:10:57,850: INFO: common: yaml file: C:\Users\LENOVO\Kidney-Disease-Classification-DL-Project-DVC\config\config.yaml loaded successfully]
[2026-06-16 02:10:57,854: INFO: common: yaml file: C:\Users\LENOVO\Kidney-Disease-Classification-DL-Project-DVC\params.yaml loaded successfully]
[2026-06-16 02:10:57,856: INFO: common: created directory at: artifacts]
[2026-06-16 02:11:08,459: INFO: _client: HTTP Request: GET https://dagshub.com/api/v1/repos/Anshika102005/Kidney-Disease-Classification-DL-Project-DVC "HTTP/1.1 200 OK"]
[2026-06-16 02:11:08,463: INFO: helpers: Initialized MLflow to track repo "Anshika102005/Kidney-Disease-Classification-DL-Project-DVC"]
[2026-06-16 02:11:08,466: INFO: helpers: Repository Anshika102005/Kidney-Disease-Classification-DL-Project-DVC initialized!]
[2026-06-16 02:11:08,467: INFO: model_evaluation_mlflow: Loading model from: C:\Users\LENOVO\Kidney-Disease-Classification-DL-Project-DVC\artifacts\training\trained_model.h5]
[2026-06-16 02:11:21,816: INFO: common: yaml file: C:\Users\LENOVO\Kidney-Disease-Classification-DL-Project-DVC\config\config.yaml loaded successfully]
[2026-06-16 02:11:21,819: INFO: common: yaml file: C:\Users\LENOVO\Kidney-Disease-Classification-DL-Project-DVC\params.yaml loaded successfully]
[2026-06-16 02:11:21,820: INFO: common: created directory at: artifacts]
[2026-06-16 02:11:28,904: INFO: common: yaml file: C:\Users\LENOVO\Kidney-Disease-Classification-DL-Project-DVC\config\config.yaml loaded successfully]
[2026-06-16 02:11:28,907: INFO: common: yaml file: C:\Users\LENOVO\Kidney-Disease-Classification-DL-Project-DVC\params.yaml loaded successfully]
[2026-06-16 02:11:28,908: INFO: common: created directory at: artifacts]
[2026-06-16 02:11:29,885: INFO: _client: HTTP Request: GET https://dagshub.com/api/v1/repos/Anshika102005/Kidney-Disease-Classification-DL-Project-DVC "HTTP/1.1 200 OK"]
[2026-06-16 02:11:29,891: INFO: helpers: Initialized MLflow to track repo "Anshika102005/Kidney-Disease-Classification-DL-Project-DVC"]
[2026-06-16 02:11:29,895: INFO: helpers: Repository Anshika102005/Kidney-Disease-Classification-DL-Project-DVC initialized!]
[2026-06-16 02:11:29,898: INFO: model_evaluation_mlflow: Loading model from: C:\Users\LENOVO\Kidney-Disease-Classification-DL-Project-DVC\artifacts\training\trained_model.h5]
[2026-06-16 02:15:16,540: INFO: common: yaml file: C:\Users\LENOVO\Kidney-Disease-Classification-DL-Project-DVC\config\config.yaml loaded successfully]
[2026-06-16 02:15:16,541: INFO: common: yaml file: C:\Users\LENOVO\Kidney-Disease-Classification-DL-Project-DVC\params.yaml loaded successfully]
[2026-06-16 02:15:16,542: INFO: common: created directory at: artifacts]
[2026-06-16 02:15:19,588: INFO: _client: HTTP Request: GET https://dagshub.com/api/v1/repos/Anshika102005/Kidney-Disease-Classification-DL-Project-DVC "HTTP/1.1 200 OK"]
[2026-06-16 02:15:19,592: INFO: helpers: Initialized MLflow to track repo "Anshika102005/Kidney-Disease-Classification-DL-Project-DVC"]
[2026-06-16 02:15:19,596: INFO: helpers: Repository Anshika102005/Kidney-Disease-Classification-DL-Project-DVC initialized!]
[2026-06-16 02:15:19,597: INFO: model_evaluation_mlflow: Loading model from: C:\Users\LENOVO\Kidney-Disease-Classification-DL-Project-DVC\artifacts\training\trained_model.h5]
[2026-06-16 02:18:07,751: INFO: _client: HTTP Request: GET https://dagshub.com/api/v1/repos/Anshika102005/Kidney-Disease-Classification-DL-Project-DVC "HTTP/1.1 200 OK"]
[2026-06-16 02:18:07,758: INFO: helpers: Initialized MLflow to track repo "Anshika102005/Kidney-Disease-Classification-DL-Project-DVC"]
[2026-06-16 02:18:07,760: INFO: helpers: Repository Anshika102005/Kidney-Disease-Classification-DL-Project-DVC initialized!]
[2026-06-16 02:18:14,795: INFO: common: yaml file: C:\Users\LENOVO\Kidney-Disease-Classification-DL-Project-DVC\config\config.yaml loaded successfully]
[2026-06-16 02:18:14,796: INFO: common: yaml file: C:\Users\LENOVO\Kidney-Disease-Classification-DL-Project-DVC\params.yaml loaded successfully]
[2026-06-16 02:18:14,797: INFO: common: created directory at: artifacts]
[2026-06-16 02:18:21,013: INFO: common: yaml file: C:\Users\LENOVO\Kidney-Disease-Classification-DL-Project-DVC\config\config.yaml loaded successfully]
[2026-06-16 02:18:21,015: INFO: common: yaml file: C:\Users\LENOVO\Kidney-Disease-Classification-DL-Project-DVC\params.yaml loaded successfully]
[2026-06-16 02:18:21,016: INFO: common: created directory at: artifacts]
[2026-06-16 02:18:28,661: INFO: common: yaml file: C:\Users\LENOVO\Kidney-Disease-Classification-DL-Project-DVC\config\config.yaml loaded successfully]
[2026-06-16 02:18:28,663: INFO: common: yaml file: C:\Users\LENOVO\Kidney-Disease-Classification-DL-Project-DVC\params.yaml loaded successfully]
[2026-06-16 02:18:28,664: INFO: common: created directory at: artifacts]
[2026-06-16 02:18:36,721: INFO: _client: HTTP Request: GET https://dagshub.com/api/v1/repos/Anshika102005/Kidney-Disease-Classification-DL-Project-DVC "HTTP/1.1 200 OK"]
[2026-06-16 02:18:36,729: INFO: helpers: Initialized MLflow to track repo "Anshika102005/Kidney-Disease-Classification-DL-Project-DVC"]
[2026-06-16 02:18:36,733: INFO: helpers: Repository Anshika102005/Kidney-Disease-Classification-DL-Project-DVC initialized!]
[2026-06-16 02:18:36,733: INFO: model_evaluation_mlflow: Loading model from: C:\Users\LENOVO\Kidney-Disease-Classification-DL-Project-DVC\artifacts\training\trained_model.h5]
[2026-06-16 02:23:39,262: INFO: common: yaml file: C:\Users\LENOVO\Kidney-Disease-Classification-DL-Project-DVC\config\config.yaml loaded successfully]
[2026-06-16 02:23:39,266: INFO: common: yaml file: C:\Users\LENOVO\Kidney-Disease-Classification-DL-Project-DVC\params.yaml loaded successfully]
[2026-06-16 02:23:39,268: INFO: common: created directory at: artifacts]
[2026-06-16 02:23:42,168: INFO: _client: HTTP Request: GET https://dagshub.com/api/v1/repos/Anshika102005/Kidney-Disease-Classification-DL-Project-DVC "HTTP/1.1 200 OK"]
[2026-06-16 02:23:42,175: INFO: helpers: Initialized MLflow to track repo "Anshika102005/Kidney-Disease-Classification-DL-Project-DVC"]
[2026-06-16 02:23:42,176: INFO: helpers: Repository Anshika102005/Kidney-Disease-Classification-DL-Project-DVC initialized!]
[2026-06-16 02:23:42,177: INFO: model_evaluation_mlflow: Loading model from: C:\Users\LENOVO\Kidney-Disease-Classification-DL-Project-DVC\artifacts\training\trained_model.h5]
[2026-06-16 02:56:49,640: INFO: _client: HTTP Request: GET https://dagshub.com/api/v1/repos/Anshika102005/Kidney-Disease-Classification-DL-Project-DVC "HTTP/1.1 200 OK"]
[2026-06-16 02:56:49,654: INFO: helpers: Initialized MLflow to track repo "Anshika102005/Kidney-Disease-Classification-DL-Project-DVC"]
[2026-06-16 02:56:49,659: INFO: helpers: Repository Anshika102005/Kidney-Disease-Classification-DL-Project-DVC initialized!]
[2026-06-16 02:57:08,892: INFO: common: yaml file: C:\Users\LENOVO\Kidney-Disease-Classification-DL-Project-DVC\config\config.yaml loaded successfully]
[2026-06-16 02:57:08,896: INFO: common: yaml file: C:\Users\LENOVO\Kidney-Disease-Classification-DL-Project-DVC\params.yaml loaded successfully]
[2026-06-16 02:57:08,924: INFO: common: created directory at: artifacts]
[2026-06-16 02:57:12,836: INFO: common: yaml file: C:\Users\LENOVO\Kidney-Disease-Classification-DL-Project-DVC\config\config.yaml loaded successfully]
[2026-06-16 02:57:12,839: INFO: common: yaml file: C:\Users\LENOVO\Kidney-Disease-Classification-DL-Project-DVC\params.yaml loaded successfully]
[2026-06-16 02:57:12,841: INFO: common: created directory at: artifacts]
[2026-06-16 02:57:20,326: INFO: common: yaml file: C:\Users\LENOVO\Kidney-Disease-Classification-DL-Project-DVC\config\config.yaml loaded successfully]
[2026-06-16 02:57:20,329: INFO: common: yaml file: C:\Users\LENOVO\Kidney-Disease-Classification-DL-Project-DVC\params.yaml loaded successfully]
[2026-06-16 02:57:20,330: INFO: common: created directory at: artifacts]
[2026-06-16 02:57:26,117: INFO: _client: HTTP Request: GET https://dagshub.com/api/v1/repos/Anshika102005/Kidney-Disease-Classification-DL-Project-DVC "HTTP/1.1 200 OK"]
[2026-06-16 02:57:26,161: INFO: helpers: Initialized MLflow to track repo "Anshika102005/Kidney-Disease-Classification-DL-Project-DVC"]
[2026-06-16 02:57:26,169: INFO: helpers: Repository Anshika102005/Kidney-Disease-Classification-DL-Project-DVC initialized!]
[2026-06-16 02:57:26,172: INFO: model_evaluation_mlflow: Loading model from: C:\Users\LENOVO\Kidney-Disease-Classification-DL-Project-DVC\artifacts\training\trained_model.h5]
[2026-06-16 03:07:07,430: INFO: _client: HTTP Request: GET https://dagshub.com/api/v1/user "HTTP/1.1 200 OK"]
[2026-06-16 03:07:07,456: INFO: helpers: Accessing as Anshika102005]
[2026-06-16 03:07:14,074: INFO: _client: HTTP Request: GET https://dagshub.com/api/v1/repos/Anshika102005/Kidney-Disease-Classification-DL-Project-DVC "HTTP/1.1 200 OK"]
[2026-06-16 03:07:19,865: INFO: _client: HTTP Request: GET https://dagshub.com/api/v1/user "HTTP/1.1 200 OK"]
[2026-06-16 03:07:19,870: INFO: helpers: Initialized MLflow to track repo "Anshika102005/Kidney-Disease-Classification-DL-Project-DVC"]
[2026-06-16 03:07:19,873: INFO: helpers: Repository Anshika102005/Kidney-Disease-Classification-DL-Project-DVC initialized!]
[2026-06-16 03:07:26,119: INFO: common: yaml file: C:\Users\LENOVO\Kidney-Disease-Classification-DL-Project-DVC\config\config.yaml loaded successfully]
[2026-06-16 03:07:26,124: INFO: common: yaml file: C:\Users\LENOVO\Kidney-Disease-Classification-DL-Project-DVC\params.yaml loaded successfully]
[2026-06-16 03:07:26,127: INFO: common: created directory at: artifacts]
[2026-06-16 03:08:09,223: INFO: common: yaml file: C:\Users\LENOVO\Kidney-Disease-Classification-DL-Project-DVC\config\config.yaml loaded successfully]
[2026-06-16 03:08:09,225: INFO: common: yaml file: C:\Users\LENOVO\Kidney-Disease-Classification-DL-Project-DVC\params.yaml loaded successfully]
[2026-06-16 03:08:09,226: INFO: common: created directory at: artifacts]
[2026-06-16 03:08:20,218: INFO: common: yaml file: C:\Users\LENOVO\Kidney-Disease-Classification-DL-Project-DVC\config\config.yaml loaded successfully]
[2026-06-16 03:08:20,225: INFO: common: yaml file: C:\Users\LENOVO\Kidney-Disease-Classification-DL-Project-DVC\params.yaml loaded successfully]
[2026-06-16 03:08:20,229: INFO: common: created directory at: artifacts]
[2026-06-16 03:08:58,959: INFO: common: yaml file: C:\Users\LENOVO\Kidney-Disease-Classification-DL-Project-DVC\config\config.yaml loaded successfully]
[2026-06-16 03:08:58,962: INFO: common: yaml file: C:\Users\LENOVO\Kidney-Disease-Classification-DL-Project-DVC\params.yaml loaded successfully]
[2026-06-16 03:08:58,965: INFO: common: created directory at: artifacts]
[2026-06-16 03:08:58,972: INFO: common: yaml file: C:\Users\LENOVO\Kidney-Disease-Classification-DL-Project-DVC\config\config.yaml loaded successfully]
[2026-06-16 03:08:58,976: INFO: common: yaml file: C:\Users\LENOVO\Kidney-Disease-Classification-DL-Project-DVC\params.yaml loaded successfully]
[2026-06-16 03:08:58,977: INFO: common: created directory at: artifacts]
[2026-06-16 03:09:49,824: INFO: common: yaml file: C:\Users\LENOVO\Kidney-Disease-Classification-DL-Project-DVC\config\config.yaml loaded successfully]
[2026-06-16 03:09:49,830: INFO: common: yaml file: C:\Users\LENOVO\Kidney-Disease-Classification-DL-Project-DVC\params.yaml loaded successfully]
[2026-06-16 03:09:49,834: INFO: common: created directory at: artifacts]
[2026-06-16 03:14:06,648: INFO: _client: HTTP Request: GET https://dagshub.com/api/v1/repos/Anshika102005/Kidney-Disease-Classification-DL-Project-DVC "HTTP/1.1 200 OK"]
[2026-06-16 03:14:06,660: INFO: helpers: Initialized MLflow to track repo "Anshika102005/Kidney-Disease-Classification-DL-Project-DVC"]
[2026-06-16 03:14:06,664: INFO: helpers: Repository Anshika102005/Kidney-Disease-Classification-DL-Project-DVC initialized!]
[2026-06-16 03:14:19,373: INFO: common: yaml file: C:\Users\LENOVO\Kidney-Disease-Classification-DL-Project-DVC\config\config.yaml loaded successfully]
[2026-06-16 03:14:19,376: INFO: common: yaml file: C:\Users\LENOVO\Kidney-Disease-Classification-DL-Project-DVC\params.yaml loaded successfully]
[2026-06-16 03:14:19,377: INFO: common: created directory at: artifacts]
[2026-06-16 03:53:36,151: INFO: _client: HTTP Request: GET https://dagshub.com/api/v1/user "HTTP/1.1 200 OK"]
[2026-06-16 03:53:36,211: INFO: helpers: Accessing as Anshika102005]
[2026-06-16 03:53:41,558: INFO: _client: HTTP Request: GET https://dagshub.com/api/v1/repos/Anshika102005/Kidney-Disease-Classification-DL-Project-DVC "HTTP/1.1 200 OK"]
[2026-06-16 03:53:42,619: INFO: _client: HTTP Request: GET https://dagshub.com/api/v1/user "HTTP/1.1 200 OK"]
[2026-06-16 03:53:42,624: INFO: helpers: Initialized MLflow to track repo "Anshika102005/Kidney-Disease-Classification-DL-Project-DVC"]
[2026-06-16 03:53:42,628: INFO: helpers: Repository Anshika102005/Kidney-Disease-Classification-DL-Project-DVC initialized!]
[2026-06-16 03:54:12,349: INFO: common: yaml file: C:\Users\LENOVO\Kidney-Disease-Classification-DL-Project-DVC\config\config.yaml loaded successfully]
[2026-06-16 03:54:12,353: INFO: common: yaml file: C:\Users\LENOVO\Kidney-Disease-Classification-DL-Project-DVC\params.yaml loaded successfully]
[2026-06-16 03:54:12,354: INFO: common: created directory at: artifacts]
[2026-06-16 03:54:17,562: INFO: common: yaml file: C:\Users\LENOVO\Kidney-Disease-Classification-DL-Project-DVC\config\config.yaml loaded successfully]
[2026-06-16 03:54:17,564: INFO: common: yaml file: C:\Users\LENOVO\Kidney-Disease-Classification-DL-Project-DVC\params.yaml loaded successfully]
[2026-06-16 03:54:17,567: INFO: common: created directory at: artifacts]
[2026-06-16 03:54:33,722: INFO: common: yaml file: C:\Users\LENOVO\Kidney-Disease-Classification-DL-Project-DVC\config\config.yaml loaded successfully]
[2026-06-16 03:54:33,725: INFO: common: yaml file: C:\Users\LENOVO\Kidney-Disease-Classification-DL-Project-DVC\params.yaml loaded successfully]
[2026-06-16 03:54:33,727: INFO: common: created directory at: artifacts]
[2026-06-16 03:54:39,169: INFO: _client: HTTP Request: GET https://dagshub.com/api/v1/repos/Anshika102005/Kidney-Disease-Classification-DL-Project-DVC "HTTP/1.1 200 OK"]
[2026-06-16 03:54:39,177: INFO: helpers: Initialized MLflow to track repo "Anshika102005/Kidney-Disease-Classification-DL-Project-DVC"]
[2026-06-16 03:54:39,182: INFO: helpers: Repository Anshika102005/Kidney-Disease-Classification-DL-Project-DVC initialized!]
[2026-06-16 03:54:39,183: INFO: model_evaluation_mlflow: Loading model from: C:\Users\LENOVO\Kidney-Disease-Classification-DL-Project-DVC\artifacts\training\trained_model.h5]
[2026-06-16 03:54:39,196: WARNING: model_evaluation_mlflow: Standard load failed (Error when deserializing class 'InputLayer' using config={'batch_shape': [None, 224, 224, 3], 'dtype': 'float32', 'sparse': False, 'ragged': False, 'name': 'input_layer', 'optional': False}.

Exception encountered: Unrecognized keyword arguments: ['batch_shape', 'optional']), trying weight-only rebuild...]
[2026-06-16 03:54:39,513: INFO: model_evaluation_mlflow: Model loaded successfully!]
[2026-06-16 04:01:50,555: INFO: _client: HTTP Request: GET https://dagshub.com/api/v1/user "HTTP/1.1 502 Bad Gateway"]
[2026-06-16 04:02:01,795: INFO: _client: HTTP Request: GET https://dagshub.com/api/v1/user "HTTP/1.1 200 OK"]
[2026-06-16 04:02:01,809: INFO: helpers: Accessing as sahuanshika010]
[2026-06-16 04:02:03,489: INFO: _client: HTTP Request: GET https://dagshub.com/api/v1/repos/Anshika102005/Kidney-Disease-Classification-DL-Project-DVC "HTTP/1.1 200 OK"]
[2026-06-16 04:02:04,294: INFO: _client: HTTP Request: GET https://dagshub.com/api/v1/user "HTTP/1.1 200 OK"]
[2026-06-16 04:02:04,301: INFO: helpers: Initialized MLflow to track repo "Anshika102005/Kidney-Disease-Classification-DL-Project-DVC"]
[2026-06-16 04:02:04,305: INFO: helpers: Repository Anshika102005/Kidney-Disease-Classification-DL-Project-DVC initialized!]
[2026-06-16 04:02:17,296: INFO: common: yaml file: C:\Users\LENOVO\Kidney-Disease-Classification-DL-Project-DVC\config\config.yaml loaded successfully]
[2026-06-16 04:02:17,303: INFO: common: yaml file: C:\Users\LENOVO\Kidney-Disease-Classification-DL-Project-DVC\params.yaml loaded successfully]
[2026-06-16 04:02:17,305: INFO: common: created directory at: artifacts]
[2026-06-16 04:02:22,909: INFO: common: yaml file: C:\Users\LENOVO\Kidney-Disease-Classification-DL-Project-DVC\config\config.yaml loaded successfully]
[2026-06-16 04:02:22,913: INFO: common: yaml file: C:\Users\LENOVO\Kidney-Disease-Classification-DL-Project-DVC\params.yaml loaded successfully]
[2026-06-16 04:02:22,917: INFO: common: created directory at: artifacts]
[2026-06-16 04:02:31,719: INFO: common: yaml file: C:\Users\LENOVO\Kidney-Disease-Classification-DL-Project-DVC\config\config.yaml loaded successfully]
[2026-06-16 04:02:31,723: INFO: common: yaml file: C:\Users\LENOVO\Kidney-Disease-Classification-DL-Project-DVC\params.yaml loaded successfully]
[2026-06-16 04:02:31,724: INFO: common: created directory at: artifacts]
[2026-06-16 04:02:32,631: INFO: _client: HTTP Request: GET https://dagshub.com/api/v1/repos/Anshika102005/Kidney-Disease-Classification-DL-Project-DVC "HTTP/1.1 200 OK"]
[2026-06-16 04:02:32,634: INFO: helpers: Initialized MLflow to track repo "Anshika102005/Kidney-Disease-Classification-DL-Project-DVC"]
[2026-06-16 04:02:32,636: INFO: helpers: Repository Anshika102005/Kidney-Disease-Classification-DL-Project-DVC initialized!]
[2026-06-16 04:02:32,637: INFO: model_evaluation_mlflow: Loading model from: C:\Users\LENOVO\Kidney-Disease-Classification-DL-Project-DVC\artifacts\training\trained_model.h5]
[2026-06-16 04:02:32,645: WARNING: model_evaluation_mlflow: Standard load failed (Error when deserializing class 'InputLayer' using config={'batch_shape': [None, 224, 224, 3], 'dtype': 'float32', 'sparse': False, 'ragged': False, 'name': 'input_layer', 'optional': False}.

Exception encountered: Unrecognized keyword arguments: ['batch_shape', 'optional']), trying weight-only rebuild...]
[2026-06-16 04:02:32,970: INFO: model_evaluation_mlflow: Model loaded successfully!]
[2026-06-16 04:02:49,832: INFO: model_evaluation_mlflow: Loss: 0.0, Accuracy: 1.0]
[2026-06-16 04:09:12,017: INFO: common: yaml file: C:\Users\LENOVO\Kidney-Disease-Classification-DL-Project-DVC\config\config.yaml loaded successfully]
[2026-06-16 04:09:12,021: INFO: common: yaml file: C:\Users\LENOVO\Kidney-Disease-Classification-DL-Project-DVC\params.yaml loaded successfully]
[2026-06-16 04:09:12,024: INFO: common: created directory at: artifacts]
[2026-06-16 04:09:18,965: INFO: _client: HTTP Request: GET https://dagshub.com/api/v1/repos/Anshika102005/Kidney-Disease-Classification-DL-Project-DVC "HTTP/1.1 200 OK"]
[2026-06-16 04:09:18,974: INFO: helpers: Initialized MLflow to track repo "Anshika102005/Kidney-Disease-Classification-DL-Project-DVC"]
[2026-06-16 04:09:18,976: INFO: helpers: Repository Anshika102005/Kidney-Disease-Classification-DL-Project-DVC initialized!]
[2026-06-16 04:09:18,977: INFO: model_evaluation_mlflow: Loading model from: C:\Users\LENOVO\Kidney-Disease-Classification-DL-Project-DVC\artifacts\training\trained_model.h5]
[2026-06-16 04:09:18,986: WARNING: model_evaluation_mlflow: Standard load failed (Error when deserializing class 'InputLayer' using config={'batch_shape': [None, 224, 224, 3], 'dtype': 'float32', 'sparse': False, 'ragged': False, 'name': 'input_layer', 'optional': False}.

Exception encountered: Unrecognized keyword arguments: ['batch_shape', 'optional']), trying weight-only rebuild...]
[2026-06-16 04:09:19,272: INFO: model_evaluation_mlflow: Model loaded successfully!]
[2026-06-16 04:09:34,671: INFO: model_evaluation_mlflow: Loss: 0.0, Accuracy: 1.0]
[2026-06-16 04:11:43,739: INFO: _client: HTTP Request: GET https://dagshub.com/api/v1/repos/Anshika102005/Kidney-Disease-Classification-DL-Project-DVC "HTTP/1.1 200 OK"]
[2026-06-16 04:11:43,746: INFO: helpers: Initialized MLflow to track repo "Anshika102005/Kidney-Disease-Classification-DL-Project-DVC"]
[2026-06-16 04:11:43,748: INFO: helpers: Repository Anshika102005/Kidney-Disease-Classification-DL-Project-DVC initialized!]
[2026-06-16 04:11:52,645: INFO: common: yaml file: C:\Users\LENOVO\Kidney-Disease-Classification-DL-Project-DVC\config\config.yaml loaded successfully]
[2026-06-16 04:11:52,648: INFO: common: yaml file: C:\Users\LENOVO\Kidney-Disease-Classification-DL-Project-DVC\params.yaml loaded successfully]
[2026-06-16 04:11:52,650: INFO: common: created directory at: artifacts]
[2026-06-16 04:12:00,250: INFO: common: yaml file: C:\Users\LENOVO\Kidney-Disease-Classification-DL-Project-DVC\config\config.yaml loaded successfully]
[2026-06-16 04:12:00,253: INFO: common: yaml file: C:\Users\LENOVO\Kidney-Disease-Classification-DL-Project-DVC\params.yaml loaded successfully]
[2026-06-16 04:12:00,256: INFO: common: created directory at: artifacts]
[2026-06-16 04:12:08,951: INFO: common: yaml file: C:\Users\LENOVO\Kidney-Disease-Classification-DL-Project-DVC\config\config.yaml loaded successfully]
[2026-06-16 04:12:08,955: INFO: common: yaml file: C:\Users\LENOVO\Kidney-Disease-Classification-DL-Project-DVC\params.yaml loaded successfully]
[2026-06-16 04:12:08,957: INFO: common: created directory at: artifacts]
[2026-06-16 04:12:09,906: INFO: _client: HTTP Request: GET https://dagshub.com/api/v1/repos/Anshika102005/Kidney-Disease-Classification-DL-Project-DVC "HTTP/1.1 200 OK"]
[2026-06-16 04:12:09,911: INFO: helpers: Initialized MLflow to track repo "Anshika102005/Kidney-Disease-Classification-DL-Project-DVC"]
[2026-06-16 04:12:09,914: INFO: helpers: Repository Anshika102005/Kidney-Disease-Classification-DL-Project-DVC initialized!]
[2026-06-16 04:12:09,915: INFO: model_evaluation_mlflow: Loading model from: C:\Users\LENOVO\Kidney-Disease-Classification-DL-Project-DVC\artifacts\training\trained_model.h5]
[2026-06-16 04:12:09,918: WARNING: model_evaluation_mlflow: Standard load failed (Error when deserializing class 'InputLayer' using config={'batch_shape': [None, 224, 224, 3], 'dtype': 'float32', 'sparse': False, 'ragged': False, 'name': 'input_layer', 'optional': False}.

Exception encountered: Unrecognized keyword arguments: ['batch_shape', 'optional']), trying weight-only rebuild...]
[2026-06-16 04:12:10,177: INFO: model_evaluation_mlflow: Model loaded successfully!]
[2026-06-16 04:12:26,283: INFO: model_evaluation_mlflow: Loss: 0.0, Accuracy: 1.0]
[2026-06-16 04:30:24,511: INFO: _client: HTTP Request: GET https://dagshub.com/api/v1/repos/Anshika102005/Kidney-Disease-Classification-DL-Project-DVC "HTTP/1.1 200 OK"]
[2026-06-16 04:30:24,523: INFO: helpers: Initialized MLflow to track repo "Anshika102005/Kidney-Disease-Classification-DL-Project-DVC"]
[2026-06-16 04:30:24,526: INFO: helpers: Repository Anshika102005/Kidney-Disease-Classification-DL-Project-DVC initialized!]
[2026-06-16 04:30:56,848: INFO: common: yaml file: C:\Users\LENOVO\Kidney-Disease-Classification-DL-Project-DVC\config\config.yaml loaded successfully]
[2026-06-16 04:30:56,854: INFO: common: yaml file: C:\Users\LENOVO\Kidney-Disease-Classification-DL-Project-DVC\params.yaml loaded successfully]
[2026-06-16 04:30:56,858: INFO: common: created directory at: artifacts]
[2026-06-16 04:31:02,812: INFO: common: yaml file: C:\Users\LENOVO\Kidney-Disease-Classification-DL-Project-DVC\config\config.yaml loaded successfully]
[2026-06-16 04:31:02,816: INFO: common: yaml file: C:\Users\LENOVO\Kidney-Disease-Classification-DL-Project-DVC\params.yaml loaded successfully]
[2026-06-16 04:31:02,818: INFO: common: created directory at: artifacts]
[2026-06-16 04:31:10,644: INFO: common: yaml file: C:\Users\LENOVO\Kidney-Disease-Classification-DL-Project-DVC\config\config.yaml loaded successfully]
[2026-06-16 04:31:10,647: INFO: common: yaml file: C:\Users\LENOVO\Kidney-Disease-Classification-DL-Project-DVC\params.yaml loaded successfully]
[2026-06-16 04:31:10,649: INFO: common: created directory at: artifacts]
[2026-06-16 04:31:18,292: INFO: _client: HTTP Request: GET https://dagshub.com/api/v1/repos/Anshika102005/Kidney-Disease-Classification-DL-Project-DVC "HTTP/1.1 200 OK"]
[2026-06-16 04:31:18,300: INFO: helpers: Initialized MLflow to track repo "Anshika102005/Kidney-Disease-Classification-DL-Project-DVC"]
[2026-06-16 04:31:18,305: INFO: helpers: Repository Anshika102005/Kidney-Disease-Classification-DL-Project-DVC initialized!]
[2026-06-16 04:31:18,307: INFO: model_evaluation_mlflow: Loading model from: C:\Users\LENOVO\Kidney-Disease-Classification-DL-Project-DVC\artifacts\training\trained_model.h5]
[2026-06-16 04:31:18,317: WARNING: model_evaluation_mlflow: Standard load failed (Error when deserializing class 'InputLayer' using config={'batch_shape': [None, 224, 224, 3], 'dtype': 'float32', 'sparse': False, 'ragged': False, 'name': 'input_layer', 'optional': False}.

Exception encountered: Unrecognized keyword arguments: ['batch_shape', 'optional']), trying weight-only rebuild...]
[2026-06-16 04:31:18,705: INFO: model_evaluation_mlflow: Model loaded successfully!]
[2026-06-16 04:31:36,967: INFO: model_evaluation_mlflow: Loss: 0.0, Accuracy: 1.0]
[2026-06-16 04:32:08,378: INFO: common: yaml file: C:\Users\LENOVO\Kidney-Disease-Classification-DL-Project-DVC\config\config.yaml loaded successfully]
[2026-06-16 04:32:08,380: INFO: common: yaml file: C:\Users\LENOVO\Kidney-Disease-Classification-DL-Project-DVC\params.yaml loaded successfully]
[2026-06-16 04:32:08,381: INFO: common: created directory at: artifacts]
[2026-06-16 04:32:09,258: INFO: _client: HTTP Request: GET https://dagshub.com/api/v1/repos/Anshika102005/Kidney-Disease-Classification-DL-Project-DVC "HTTP/1.1 200 OK"]
[2026-06-16 04:32:09,265: INFO: helpers: Initialized MLflow to track repo "Anshika102005/Kidney-Disease-Classification-DL-Project-DVC"]
[2026-06-16 04:32:09,267: INFO: helpers: Repository Anshika102005/Kidney-Disease-Classification-DL-Project-DVC initialized!]
[2026-06-16 04:32:09,268: INFO: model_evaluation_mlflow: Loading model from: C:\Users\LENOVO\Kidney-Disease-Classification-DL-Project-DVC\artifacts\training\trained_model.h5]
[2026-06-16 04:32:09,272: WARNING: model_evaluation_mlflow: Standard load failed (Error when deserializing class 'InputLayer' using config={'batch_shape': [None, 224, 224, 3], 'dtype': 'float32', 'sparse': False, 'ragged': False, 'name': 'input_layer', 'optional': False}.

Exception encountered: Unrecognized keyword arguments: ['batch_shape', 'optional']), trying weight-only rebuild...]
[2026-06-16 04:32:09,525: INFO: model_evaluation_mlflow: Model loaded successfully!]
[2026-06-16 04:32:26,190: INFO: model_evaluation_mlflow: Loss: 0.0, Accuracy: 1.0]
[2026-06-16 04:35:19,005: INFO: _client: HTTP Request: GET https://dagshub.com/api/v1/user "HTTP/1.1 200 OK"]
[2026-06-16 04:35:19,021: INFO: helpers: Accessing as sahuanshika010]
[2026-06-16 04:35:20,037: INFO: _client: HTTP Request: GET https://dagshub.com/api/v1/repos/Anshika102005/Kidney-Disease-Classification-DL-Project-DVC "HTTP/1.1 200 OK"]
[2026-06-16 04:35:22,706: INFO: _client: HTTP Request: GET https://dagshub.com/api/v1/user "HTTP/1.1 200 OK"]
[2026-06-16 04:35:22,715: INFO: helpers: Initialized MLflow to track repo "Anshika102005/Kidney-Disease-Classification-DL-Project-DVC"]
[2026-06-16 04:35:22,717: INFO: helpers: Repository Anshika102005/Kidney-Disease-Classification-DL-Project-DVC initialized!]
[2026-06-16 04:35:31,392: INFO: common: yaml file: C:\Users\LENOVO\Kidney-Disease-Classification-DL-Project-DVC\config\config.yaml loaded successfully]
[2026-06-16 04:35:31,396: INFO: common: yaml file: C:\Users\LENOVO\Kidney-Disease-Classification-DL-Project-DVC\params.yaml loaded successfully]
[2026-06-16 04:35:31,397: INFO: common: created directory at: artifacts]
[2026-06-16 04:35:37,466: INFO: common: yaml file: C:\Users\LENOVO\Kidney-Disease-Classification-DL-Project-DVC\config\config.yaml loaded successfully]
[2026-06-16 04:35:37,470: INFO: common: yaml file: C:\Users\LENOVO\Kidney-Disease-Classification-DL-Project-DVC\params.yaml loaded successfully]
[2026-06-16 04:35:37,471: INFO: common: created directory at: artifacts]
[2026-06-16 04:35:45,570: INFO: common: yaml file: C:\Users\LENOVO\Kidney-Disease-Classification-DL-Project-DVC\config\config.yaml loaded successfully]
[2026-06-16 04:35:45,574: INFO: common: yaml file: C:\Users\LENOVO\Kidney-Disease-Classification-DL-Project-DVC\params.yaml loaded successfully]
[2026-06-16 04:35:45,576: INFO: common: created directory at: artifacts]
[2026-06-16 04:35:51,392: INFO: _client: HTTP Request: GET https://dagshub.com/api/v1/repos/Anshika102005/Kidney-Disease-Classification-DL-Project-DVC "HTTP/1.1 200 OK"]
[2026-06-16 04:35:51,399: INFO: helpers: Initialized MLflow to track repo "Anshika102005/Kidney-Disease-Classification-DL-Project-DVC"]
[2026-06-16 04:35:51,402: INFO: helpers: Repository Anshika102005/Kidney-Disease-Classification-DL-Project-DVC initialized!]
[2026-06-16 04:35:51,403: INFO: model_evaluation_mlflow: Loading model from: C:\Users\LENOVO\Kidney-Disease-Classification-DL-Project-DVC\artifacts\training\trained_model.h5]
[2026-06-16 04:35:51,414: WARNING: model_evaluation_mlflow: Standard load failed (Error when deserializing class 'InputLayer' using config={'batch_shape': [None, 224, 224, 3], 'dtype': 'float32', 'sparse': False, 'ragged': False, 'name': 'input_layer', 'optional': False}.

Exception encountered: Unrecognized keyword arguments: ['batch_shape', 'optional']), trying weight-only rebuild...]
[2026-06-16 04:35:51,716: INFO: model_evaluation_mlflow: Model loaded successfully!]
[2026-06-16 04:36:08,355: INFO: model_evaluation_mlflow: Loss: 0.0, Accuracy: 1.0]
[2026-06-16 04:41:21,698: INFO: _client: HTTP Request: GET https://dagshub.com/api/v1/user "HTTP/1.1 200 OK"]
[2026-06-16 04:41:21,717: INFO: helpers: Accessing as sahuanshika010]
[2026-06-16 04:41:26,151: INFO: _client: HTTP Request: GET https://dagshub.com/api/v1/repos/Anshika102005/Kidney-Disease-Classification-DL-Project-DVC "HTTP/1.1 200 OK"]
[2026-06-16 04:41:27,055: INFO: _client: HTTP Request: GET https://dagshub.com/api/v1/user "HTTP/1.1 200 OK"]
[2026-06-16 04:41:27,060: INFO: helpers: Initialized MLflow to track repo "Anshika102005/Kidney-Disease-Classification-DL-Project-DVC"]
[2026-06-16 04:41:27,064: INFO: helpers: Repository Anshika102005/Kidney-Disease-Classification-DL-Project-DVC initialized!]
[2026-06-16 04:41:35,148: INFO: common: yaml file: C:\Users\LENOVO\Kidney-Disease-Classification-DL-Project-DVC\config\config.yaml loaded successfully]
[2026-06-16 04:41:35,154: INFO: common: yaml file: C:\Users\LENOVO\Kidney-Disease-Classification-DL-Project-DVC\params.yaml loaded successfully]
[2026-06-16 04:41:35,157: INFO: common: created directory at: artifacts]
[2026-06-16 04:41:41,220: INFO: common: yaml file: C:\Users\LENOVO\Kidney-Disease-Classification-DL-Project-DVC\config\config.yaml loaded successfully]
[2026-06-16 04:41:41,223: INFO: common: yaml file: C:\Users\LENOVO\Kidney-Disease-Classification-DL-Project-DVC\params.yaml loaded successfully]
[2026-06-16 04:41:41,225: INFO: common: created directory at: artifacts]
[2026-06-16 04:41:47,411: INFO: common: yaml file: C:\Users\LENOVO\Kidney-Disease-Classification-DL-Project-DVC\config\config.yaml loaded successfully]
[2026-06-16 04:41:47,415: INFO: common: yaml file: C:\Users\LENOVO\Kidney-Disease-Classification-DL-Project-DVC\params.yaml loaded successfully]
[2026-06-16 04:41:47,416: INFO: common: created directory at: artifacts]
[2026-06-16 04:41:48,383: INFO: _client: HTTP Request: GET https://dagshub.com/api/v1/repos/Anshika102005/Kidney-Disease-Classification-DL-Project-DVC "HTTP/1.1 200 OK"]
[2026-06-16 04:41:48,389: INFO: helpers: Initialized MLflow to track repo "Anshika102005/Kidney-Disease-Classification-DL-Project-DVC"]
[2026-06-16 04:41:48,391: INFO: helpers: Repository Anshika102005/Kidney-Disease-Classification-DL-Project-DVC initialized!]
[2026-06-16 04:41:48,391: INFO: model_evaluation_mlflow: Loading model from: C:\Users\LENOVO\Kidney-Disease-Classification-DL-Project-DVC\artifacts\training\trained_model.h5]
[2026-06-16 04:41:48,401: WARNING: model_evaluation_mlflow: Standard load failed (Error when deserializing class 'InputLayer' using config={'batch_shape': [None, 224, 224, 3], 'dtype': 'float32', 'sparse': False, 'ragged': False, 'name': 'input_layer', 'optional': False}.

Exception encountered: Unrecognized keyword arguments: ['batch_shape', 'optional']), trying weight-only rebuild...]
[2026-06-16 04:41:48,717: INFO: model_evaluation_mlflow: Model loaded successfully!]
[2026-06-16 04:42:07,036: INFO: model_evaluation_mlflow: Loss: 0.0, Accuracy: 1.0]
[2026-06-16 04:43:15,459: INFO: common: yaml file: C:\Users\LENOVO\Kidney-Disease-Classification-DL-Project-DVC\config\config.yaml loaded successfully]
[2026-06-16 04:43:15,461: INFO: common: yaml file: C:\Users\LENOVO\Kidney-Disease-Classification-DL-Project-DVC\params.yaml loaded successfully]
[2026-06-16 04:43:15,463: INFO: common: created directory at: artifacts]
[2026-06-16 04:43:18,288: INFO: _client: HTTP Request: GET https://dagshub.com/api/v1/repos/Anshika102005/Kidney-Disease-Classification-DL-Project-DVC "HTTP/1.1 200 OK"]
[2026-06-16 04:43:18,293: INFO: helpers: Initialized MLflow to track repo "Anshika102005/Kidney-Disease-Classification-DL-Project-DVC"]
[2026-06-16 04:43:18,294: INFO: helpers: Repository Anshika102005/Kidney-Disease-Classification-DL-Project-DVC initialized!]
[2026-06-16 04:43:18,295: INFO: model_evaluation_mlflow: Loading model from: C:\Users\LENOVO\Kidney-Disease-Classification-DL-Project-DVC\artifacts\training\trained_model.h5]
[2026-06-16 04:43:18,299: WARNING: model_evaluation_mlflow: Standard load failed (Error when deserializing class 'InputLayer' using config={'batch_shape': [None, 224, 224, 3], 'dtype': 'float32', 'sparse': False, 'ragged': False, 'name': 'input_layer', 'optional': False}.

Exception encountered: Unrecognized keyword arguments: ['batch_shape', 'optional']), trying weight-only rebuild...]
[2026-06-16 04:43:18,598: INFO: model_evaluation_mlflow: Model loaded successfully!]
[2026-06-16 04:43:44,060: INFO: model_evaluation_mlflow: Loss: 0.0, Accuracy: 1.0]
[2026-06-16 04:55:42,226: INFO: _client: HTTP Request: GET https://dagshub.com/api/v1/user "HTTP/1.1 200 OK"]
[2026-06-16 04:55:42,241: INFO: helpers: Accessing as sahuanshika010]
[2026-06-16 04:55:47,179: INFO: _client: HTTP Request: GET https://dagshub.com/api/v1/repos/Anshika102005/Kidney-Disease-Classification-DL-Project-DVC "HTTP/1.1 200 OK"]
[2026-06-16 04:55:48,076: INFO: _client: HTTP Request: GET https://dagshub.com/api/v1/user "HTTP/1.1 200 OK"]
[2026-06-16 04:55:48,080: INFO: helpers: Initialized MLflow to track repo "Anshika102005/Kidney-Disease-Classification-DL-Project-DVC"]
[2026-06-16 04:55:48,082: INFO: helpers: Repository Anshika102005/Kidney-Disease-Classification-DL-Project-DVC initialized!]
[2026-06-16 04:55:56,093: INFO: common: yaml file: C:\Users\LENOVO\Kidney-Disease-Classification-DL-Project-DVC\config\config.yaml loaded successfully]
[2026-06-16 04:55:56,097: INFO: common: yaml file: C:\Users\LENOVO\Kidney-Disease-Classification-DL-Project-DVC\params.yaml loaded successfully]
[2026-06-16 04:55:56,098: INFO: common: created directory at: artifacts]
[2026-06-16 04:56:02,164: INFO: common: yaml file: C:\Users\LENOVO\Kidney-Disease-Classification-DL-Project-DVC\config\config.yaml loaded successfully]
[2026-06-16 04:56:02,167: INFO: common: yaml file: C:\Users\LENOVO\Kidney-Disease-Classification-DL-Project-DVC\params.yaml loaded successfully]
[2026-06-16 04:56:02,169: INFO: common: created directory at: artifacts]
[2026-06-16 04:56:12,237: INFO: common: yaml file: C:\Users\LENOVO\Kidney-Disease-Classification-DL-Project-DVC\config\config.yaml loaded successfully]
[2026-06-16 04:56:12,239: INFO: common: yaml file: C:\Users\LENOVO\Kidney-Disease-Classification-DL-Project-DVC\params.yaml loaded successfully]
[2026-06-16 04:56:12,245: INFO: common: created directory at: artifacts]
[2026-06-16 04:56:13,087: INFO: _client: HTTP Request: GET https://dagshub.com/api/v1/repos/Anshika102005/Kidney-Disease-Classification-DL-Project-DVC "HTTP/1.1 200 OK"]
[2026-06-16 04:56:13,094: INFO: helpers: Initialized MLflow to track repo "Anshika102005/Kidney-Disease-Classification-DL-Project-DVC"]
[2026-06-16 04:56:13,096: INFO: helpers: Repository Anshika102005/Kidney-Disease-Classification-DL-Project-DVC initialized!]
[2026-06-16 04:56:13,097: INFO: model_evaluation_mlflow: Loading model from: C:\Users\LENOVO\Kidney-Disease-Classification-DL-Project-DVC\artifacts\training\trained_model.h5]
[2026-06-16 04:56:13,106: WARNING: model_evaluation_mlflow: Standard load failed (Error when deserializing class 'InputLayer' using config={'batch_shape': [None, 224, 224, 3], 'dtype': 'float32', 'sparse': False, 'ragged': False, 'name': 'input_layer', 'optional': False}.

Exception encountered: Unrecognized keyword arguments: ['batch_shape', 'optional']), trying weight-only rebuild...]
[2026-06-16 04:56:13,383: INFO: model_evaluation_mlflow: Model loaded successfully!]
[2026-06-16 05:16:29,519: INFO: common: yaml file: C:\Users\LENOVO\Kidney-Disease-Classification-DL-Project-DVC\config\config.yaml loaded successfully]
[2026-06-16 05:16:29,524: INFO: common: yaml file: C:\Users\LENOVO\Kidney-Disease-Classification-DL-Project-DVC\params.yaml loaded successfully]
[2026-06-16 05:16:29,525: INFO: common: created directory at: artifacts]
[2026-06-16 05:16:33,597: INFO: _client: HTTP Request: GET https://dagshub.com/api/v1/repos/Anshika102005/Kidney-Disease-Classification-DL-Project-DVC "HTTP/1.1 200 OK"]
[2026-06-16 05:16:33,605: INFO: helpers: Initialized MLflow to track repo "Anshika102005/Kidney-Disease-Classification-DL-Project-DVC"]
[2026-06-16 05:16:33,608: INFO: helpers: Repository Anshika102005/Kidney-Disease-Classification-DL-Project-DVC initialized!]
[2026-06-16 05:16:33,609: INFO: model_evaluation_mlflow: Loading model from: C:\Users\LENOVO\Kidney-Disease-Classification-DL-Project-DVC\artifacts\training\trained_model.h5]
[2026-06-16 05:16:33,622: WARNING: model_evaluation_mlflow: Standard load failed (Error when deserializing class 'InputLayer' using config={'batch_shape': [None, 224, 224, 3], 'dtype': 'float32', 'sparse': False, 'ragged': False, 'name': 'input_layer', 'optional': False}.

Exception encountered: Unrecognized keyword arguments: ['batch_shape', 'optional']), trying weight-only rebuild...]
[2026-06-16 05:16:33,940: INFO: model_evaluation_mlflow: Model loaded successfully!]
[2026-06-16 05:19:15,292: INFO: common: yaml file: C:\Users\LENOVO\Kidney-Disease-Classification-DL-Project-DVC\config\config.yaml loaded successfully]
[2026-06-16 05:19:15,296: INFO: common: yaml file: C:\Users\LENOVO\Kidney-Disease-Classification-DL-Project-DVC\params.yaml loaded successfully]
[2026-06-16 05:19:15,298: INFO: common: created directory at: artifacts]
[2026-06-16 05:19:16,728: INFO: _client: HTTP Request: GET https://dagshub.com/api/v1/repos/Anshika102005/Kidney-Disease-Classification-DL-Project-DVC "HTTP/1.1 200 OK"]
[2026-06-16 05:19:16,732: INFO: helpers: Initialized MLflow to track repo "Anshika102005/Kidney-Disease-Classification-DL-Project-DVC"]
[2026-06-16 05:19:16,735: INFO: helpers: Repository Anshika102005/Kidney-Disease-Classification-DL-Project-DVC initialized!]
[2026-06-16 05:19:16,736: INFO: model_evaluation_mlflow: Loading model from: C:\Users\LENOVO\Kidney-Disease-Classification-DL-Project-DVC\artifacts\training\trained_model.h5]
[2026-06-16 05:19:16,739: WARNING: model_evaluation_mlflow: Standard load failed (Error when deserializing class 'InputLayer' using config={'batch_shape': [None, 224, 224, 3], 'dtype': 'float32', 'sparse': False, 'ragged': False, 'name': 'input_layer', 'optional': False}.

Exception encountered: Unrecognized keyword arguments: ['batch_shape', 'optional']), trying weight-only rebuild...]
[2026-06-16 05:19:16,994: INFO: model_evaluation_mlflow: Model loaded successfully!]
[2026-06-16 05:20:31,446: INFO: common: yaml file: C:\Users\LENOVO\Kidney-Disease-Classification-DL-Project-DVC\config\config.yaml loaded successfully]
[2026-06-16 05:20:31,449: INFO: common: yaml file: C:\Users\LENOVO\Kidney-Disease-Classification-DL-Project-DVC\params.yaml loaded successfully]
[2026-06-16 05:20:31,451: INFO: common: created directory at: artifacts]
[2026-06-16 05:20:32,503: INFO: _client: HTTP Request: GET https://dagshub.com/api/v1/repos/Anshika102005/Kidney-Disease-Classification-DL-Project-DVC "HTTP/1.1 200 OK"]
[2026-06-16 05:20:32,514: INFO: helpers: Initialized MLflow to track repo "Anshika102005/Kidney-Disease-Classification-DL-Project-DVC"]
[2026-06-16 05:20:32,517: INFO: helpers: Repository Anshika102005/Kidney-Disease-Classification-DL-Project-DVC initialized!]
[2026-06-16 05:20:32,517: INFO: model_evaluation_mlflow: Loading model from: C:\Users\LENOVO\Kidney-Disease-Classification-DL-Project-DVC\artifacts\training\trained_model.h5]
[2026-06-16 05:20:32,521: WARNING: model_evaluation_mlflow: Standard load failed (Error when deserializing class 'InputLayer' using config={'batch_shape': [None, 224, 224, 3], 'dtype': 'float32', 'sparse': False, 'ragged': False, 'name': 'input_layer', 'optional': False}.

Exception encountered: Unrecognized keyword arguments: ['batch_shape', 'optional']), trying weight-only rebuild...]
[2026-06-16 05:20:32,747: INFO: model_evaluation_mlflow: Model loaded successfully!]
[2026-06-16 05:21:00,082: INFO: common: yaml file: C:\Users\LENOVO\Kidney-Disease-Classification-DL-Project-DVC\config\config.yaml loaded successfully]
[2026-06-16 05:21:00,088: INFO: common: yaml file: C:\Users\LENOVO\Kidney-Disease-Classification-DL-Project-DVC\params.yaml loaded successfully]
[2026-06-16 05:21:00,091: INFO: common: created directory at: artifacts]
[2026-06-16 05:21:04,114: INFO: _client: HTTP Request: GET https://dagshub.com/api/v1/repos/Anshika102005/Kidney-Disease-Classification-DL-Project-DVC "HTTP/1.1 200 OK"]
[2026-06-16 05:21:04,120: INFO: helpers: Initialized MLflow to track repo "Anshika102005/Kidney-Disease-Classification-DL-Project-DVC"]
[2026-06-16 05:21:04,123: INFO: helpers: Repository Anshika102005/Kidney-Disease-Classification-DL-Project-DVC initialized!]
[2026-06-16 05:21:04,125: INFO: model_evaluation_mlflow: Loading model from: C:\Users\LENOVO\Kidney-Disease-Classification-DL-Project-DVC\artifacts\training\trained_model.h5]
[2026-06-16 05:21:04,130: WARNING: model_evaluation_mlflow: Standard load failed (Error when deserializing class 'InputLayer' using config={'batch_shape': [None, 224, 224, 3], 'dtype': 'float32', 'sparse': False, 'ragged': False, 'name': 'input_layer', 'optional': False}.

Exception encountered: Unrecognized keyword arguments: ['batch_shape', 'optional']), trying weight-only rebuild...]
[2026-06-16 05:21:04,382: INFO: model_evaluation_mlflow: Model loaded successfully!]
[2026-06-16 05:22:48,691: INFO: common: yaml file: C:\Users\LENOVO\Kidney-Disease-Classification-DL-Project-DVC\config\config.yaml loaded successfully]
[2026-06-16 05:22:48,693: INFO: common: yaml file: C:\Users\LENOVO\Kidney-Disease-Classification-DL-Project-DVC\params.yaml loaded successfully]
[2026-06-16 05:22:48,696: INFO: common: created directory at: artifacts]
[2026-06-16 05:22:52,112: INFO: _client: HTTP Request: GET https://dagshub.com/api/v1/repos/Anshika102005/Kidney-Disease-Classification-DL-Project-DVC "HTTP/1.1 200 OK"]
[2026-06-16 05:22:52,120: INFO: helpers: Initialized MLflow to track repo "Anshika102005/Kidney-Disease-Classification-DL-Project-DVC"]
[2026-06-16 05:22:52,122: INFO: helpers: Repository Anshika102005/Kidney-Disease-Classification-DL-Project-DVC initialized!]
[2026-06-16 05:22:52,124: INFO: model_evaluation_mlflow: Loading model from: C:\Users\LENOVO\Kidney-Disease-Classification-DL-Project-DVC\artifacts\training\trained_model.h5]
[2026-06-16 05:22:52,128: WARNING: model_evaluation_mlflow: Standard load failed (Error when deserializing class 'InputLayer' using config={'batch_shape': [None, 224, 224, 3], 'dtype': 'float32', 'sparse': False, 'ragged': False, 'name': 'input_layer', 'optional': False}.

Exception encountered: Unrecognized keyword arguments: ['batch_shape', 'optional']), trying weight-only rebuild...]
[2026-06-16 05:22:52,392: INFO: model_evaluation_mlflow: Model loaded successfully!]
[2026-06-16 05:22:52,414: INFO: model_evaluation_mlflow: Loading model from: C:\Users\LENOVO\Kidney-Disease-Classification-DL-Project-DVC\artifacts\training\trained_model.h5]
[2026-06-16 05:22:52,419: WARNING: model_evaluation_mlflow: Standard load failed (Error when deserializing class 'InputLayer' using config={'batch_shape': [None, 224, 224, 3], 'dtype': 'float32', 'sparse': False, 'ragged': False, 'name': 'input_layer', 'optional': False}.

Exception encountered: Unrecognized keyword arguments: ['batch_shape', 'optional']), trying weight-only rebuild...]
[2026-06-16 05:22:52,659: INFO: model_evaluation_mlflow: Model loaded successfully!]
[2026-06-16 05:23:06,315: INFO: common: yaml file: C:\Users\LENOVO\Kidney-Disease-Classification-DL-Project-DVC\config\config.yaml loaded successfully]
[2026-06-16 05:23:06,318: INFO: common: yaml file: C:\Users\LENOVO\Kidney-Disease-Classification-DL-Project-DVC\params.yaml loaded successfully]
[2026-06-16 05:23:06,320: INFO: common: created directory at: artifacts]
[2026-06-16 05:23:08,246: INFO: _client: HTTP Request: GET https://dagshub.com/api/v1/repos/Anshika102005/Kidney-Disease-Classification-DL-Project-DVC "HTTP/1.1 200 OK"]
[2026-06-16 05:23:08,252: INFO: helpers: Initialized MLflow to track repo "Anshika102005/Kidney-Disease-Classification-DL-Project-DVC"]
[2026-06-16 05:23:08,254: INFO: helpers: Repository Anshika102005/Kidney-Disease-Classification-DL-Project-DVC initialized!]
[2026-06-16 05:23:08,255: INFO: model_evaluation_mlflow: Loading model from: C:\Users\LENOVO\Kidney-Disease-Classification-DL-Project-DVC\artifacts\training\trained_model.h5]
[2026-06-16 05:23:08,258: WARNING: model_evaluation_mlflow: Standard load failed (Error when deserializing class 'InputLayer' using config={'batch_shape': [None, 224, 224, 3], 'dtype': 'float32', 'sparse': False, 'ragged': False, 'name': 'input_layer', 'optional': False}.

Exception encountered: Unrecognized keyword arguments: ['batch_shape', 'optional']), trying weight-only rebuild...]
[2026-06-16 05:23:08,501: INFO: model_evaluation_mlflow: Model loaded successfully!]
[2026-06-16 05:23:08,522: INFO: model_evaluation_mlflow: Loading model from: C:\Users\LENOVO\Kidney-Disease-Classification-DL-Project-DVC\artifacts\training\trained_model.h5]
[2026-06-16 05:23:08,526: WARNING: model_evaluation_mlflow: Standard load failed (Error when deserializing class 'InputLayer' using config={'batch_shape': [None, 224, 224, 3], 'dtype': 'float32', 'sparse': False, 'ragged': False, 'name': 'input_layer', 'optional': False}.

Exception encountered: Unrecognized keyword arguments: ['batch_shape', 'optional']), trying weight-only rebuild...]
[2026-06-16 05:23:08,768: INFO: model_evaluation_mlflow: Model loaded successfully!]
[2026-06-16 05:24:21,148: INFO: common: yaml file: C:\Users\LENOVO\Kidney-Disease-Classification-DL-Project-DVC\config\config.yaml loaded successfully]
[2026-06-16 05:24:21,151: INFO: common: yaml file: C:\Users\LENOVO\Kidney-Disease-Classification-DL-Project-DVC\params.yaml loaded successfully]
[2026-06-16 05:24:21,153: INFO: common: created directory at: artifacts]
[2026-06-16 05:24:22,552: INFO: _client: HTTP Request: GET https://dagshub.com/api/v1/repos/Anshika102005/Kidney-Disease-Classification-DL-Project-DVC "HTTP/1.1 200 OK"]
[2026-06-16 05:24:22,556: INFO: helpers: Initialized MLflow to track repo "Anshika102005/Kidney-Disease-Classification-DL-Project-DVC"]
[2026-06-16 05:24:22,558: INFO: helpers: Repository Anshika102005/Kidney-Disease-Classification-DL-Project-DVC initialized!]
[2026-06-16 05:24:22,559: INFO: model_evaluation_mlflow: Loading model from: C:\Users\LENOVO\Kidney-Disease-Classification-DL-Project-DVC\artifacts\training\trained_model.h5]
[2026-06-16 05:24:22,563: WARNING: model_evaluation_mlflow: Standard load failed (Error when deserializing class 'InputLayer' using config={'batch_shape': [None, 224, 224, 3], 'dtype': 'float32', 'sparse': False, 'ragged': False, 'name': 'input_layer', 'optional': False}.

Exception encountered: Unrecognized keyword arguments: ['batch_shape', 'optional']), trying weight-only rebuild...]
[2026-06-16 05:24:22,802: INFO: model_evaluation_mlflow: Model loaded successfully!]
[2026-06-16 05:24:22,821: INFO: model_evaluation_mlflow: Loading model from: C:\Users\LENOVO\Kidney-Disease-Classification-DL-Project-DVC\artifacts\training\trained_model.h5]
[2026-06-16 05:24:22,825: WARNING: model_evaluation_mlflow: Standard load failed (Error when deserializing class 'InputLayer' using config={'batch_shape': [None, 224, 224, 3], 'dtype': 'float32', 'sparse': False, 'ragged': False, 'name': 'input_layer', 'optional': False}.

Exception encountered: Unrecognized keyword arguments: ['batch_shape', 'optional']), trying weight-only rebuild...]
[2026-06-16 05:24:23,064: INFO: model_evaluation_mlflow: Model loaded successfully!]
[2026-06-16 05:25:51,684: INFO: common: yaml file: C:\Users\LENOVO\Kidney-Disease-Classification-DL-Project-DVC\config\config.yaml loaded successfully]
[2026-06-16 05:25:51,687: INFO: common: yaml file: C:\Users\LENOVO\Kidney-Disease-Classification-DL-Project-DVC\params.yaml loaded successfully]
[2026-06-16 05:25:51,689: INFO: common: created directory at: artifacts]
[2026-06-16 05:25:56,990: INFO: _client: HTTP Request: GET https://dagshub.com/api/v1/repos/Anshika102005/Kidney-Disease-Classification-DL-Project-DVC "HTTP/1.1 200 OK"]
[2026-06-16 05:25:56,995: INFO: helpers: Initialized MLflow to track repo "Anshika102005/Kidney-Disease-Classification-DL-Project-DVC"]
[2026-06-16 05:25:56,997: INFO: helpers: Repository Anshika102005/Kidney-Disease-Classification-DL-Project-DVC initialized!]
[2026-06-16 05:25:56,998: INFO: model_evaluation_mlflow: Loading model from: C:\Users\LENOVO\Kidney-Disease-Classification-DL-Project-DVC\artifacts\training\trained_model.h5]
[2026-06-16 05:25:57,002: WARNING: model_evaluation_mlflow: Standard load failed (Error when deserializing class 'InputLayer' using config={'batch_shape': [None, 224, 224, 3], 'dtype': 'float32', 'sparse': False, 'ragged': False, 'name': 'input_layer', 'optional': False}.

Exception encountered: Unrecognized keyword arguments: ['batch_shape', 'optional']), trying weight-only rebuild...]
[2026-06-16 05:25:57,230: INFO: model_evaluation_mlflow: Model loaded successfully!]
[2026-06-16 05:25:57,249: INFO: model_evaluation_mlflow: Loading model from: C:\Users\LENOVO\Kidney-Disease-Classification-DL-Project-DVC\artifacts\training\trained_model.h5]
[2026-06-16 05:25:57,253: WARNING: model_evaluation_mlflow: Standard load failed (Error when deserializing class 'InputLayer' using config={'batch_shape': [None, 224, 224, 3], 'dtype': 'float32', 'sparse': False, 'ragged': False, 'name': 'input_layer', 'optional': False}.

Exception encountered: Unrecognized keyword arguments: ['batch_shape', 'optional']), trying weight-only rebuild...]
[2026-06-16 05:25:57,485: INFO: model_evaluation_mlflow: Model loaded successfully!]
[2026-06-16 05:26:34,964: INFO: common: yaml file: C:\Users\LENOVO\Kidney-Disease-Classification-DL-Project-DVC\config\config.yaml loaded successfully]
[2026-06-16 05:26:34,968: INFO: common: yaml file: C:\Users\LENOVO\Kidney-Disease-Classification-DL-Project-DVC\params.yaml loaded successfully]
[2026-06-16 05:26:34,969: INFO: common: created directory at: artifacts]
[2026-06-16 05:26:37,340: INFO: _client: HTTP Request: GET https://dagshub.com/api/v1/repos/Anshika102005/Kidney-Disease-Classification-DL-Project-DVC "HTTP/1.1 200 OK"]
[2026-06-16 05:26:37,345: INFO: helpers: Initialized MLflow to track repo "Anshika102005/Kidney-Disease-Classification-DL-Project-DVC"]
[2026-06-16 05:26:37,348: INFO: helpers: Repository Anshika102005/Kidney-Disease-Classification-DL-Project-DVC initialized!]
[2026-06-16 05:26:37,349: INFO: model_evaluation_mlflow: Loading model from: C:\Users\LENOVO\Kidney-Disease-Classification-DL-Project-DVC\artifacts\training\trained_model.h5]
[2026-06-16 05:26:37,354: WARNING: model_evaluation_mlflow: Standard load failed (Error when deserializing class 'InputLayer' using config={'batch_shape': [None, 224, 224, 3], 'dtype': 'float32', 'sparse': False, 'ragged': False, 'name': 'input_layer', 'optional': False}.

Exception encountered: Unrecognized keyword arguments: ['batch_shape', 'optional']), trying weight-only rebuild...]
[2026-06-16 05:26:37,632: INFO: model_evaluation_mlflow: Model loaded successfully!]
[2026-06-16 05:26:37,656: INFO: model_evaluation_mlflow: Loading model from: C:\Users\LENOVO\Kidney-Disease-Classification-DL-Project-DVC\artifacts\training\trained_model.h5]
[2026-06-16 05:26:37,660: WARNING: model_evaluation_mlflow: Standard load failed (Error when deserializing class 'InputLayer' using config={'batch_shape': [None, 224, 224, 3], 'dtype': 'float32', 'sparse': False, 'ragged': False, 'name': 'input_layer', 'optional': False}.

Exception encountered: Unrecognized keyword arguments: ['batch_shape', 'optional']), trying weight-only rebuild...]
[2026-06-16 05:26:37,922: INFO: model_evaluation_mlflow: Model loaded successfully!]
[2026-06-16 05:26:57,440: INFO: common: yaml file: C:\Users\LENOVO\Kidney-Disease-Classification-DL-Project-DVC\config\config.yaml loaded successfully]
[2026-06-16 05:26:57,443: INFO: common: yaml file: C:\Users\LENOVO\Kidney-Disease-Classification-DL-Project-DVC\params.yaml loaded successfully]
[2026-06-16 05:26:57,444: INFO: common: created directory at: artifacts]
[2026-06-16 05:26:58,389: INFO: _client: HTTP Request: GET https://dagshub.com/api/v1/repos/Anshika102005/Kidney-Disease-Classification-DL-Project-DVC "HTTP/1.1 200 OK"]
[2026-06-16 05:26:58,392: INFO: helpers: Initialized MLflow to track repo "Anshika102005/Kidney-Disease-Classification-DL-Project-DVC"]
[2026-06-16 05:26:58,395: INFO: helpers: Repository Anshika102005/Kidney-Disease-Classification-DL-Project-DVC initialized!]
[2026-06-16 05:26:58,396: INFO: model_evaluation_mlflow: Loading model from: C:\Users\LENOVO\Kidney-Disease-Classification-DL-Project-DVC\artifacts\training\trained_model.h5]
[2026-06-16 05:26:58,398: WARNING: model_evaluation_mlflow: Standard load failed (Error when deserializing class 'InputLayer' using config={'batch_shape': [None, 224, 224, 3], 'dtype': 'float32', 'sparse': False, 'ragged': False, 'name': 'input_layer', 'optional': False}.

Exception encountered: Unrecognized keyword arguments: ['batch_shape', 'optional']), trying weight-only rebuild...]
[2026-06-16 05:26:58,655: INFO: model_evaluation_mlflow: Model loaded successfully!]
[2026-06-16 05:26:58,674: INFO: model_evaluation_mlflow: Loading model from: C:\Users\LENOVO\Kidney-Disease-Classification-DL-Project-DVC\artifacts\training\trained_model.h5]
[2026-06-16 05:26:58,678: WARNING: model_evaluation_mlflow: Standard load failed (Error when deserializing class 'InputLayer' using config={'batch_shape': [None, 224, 224, 3], 'dtype': 'float32', 'sparse': False, 'ragged': False, 'name': 'input_layer', 'optional': False}.

Exception encountered: Unrecognized keyword arguments: ['batch_shape', 'optional']), trying weight-only rebuild...]
[2026-06-16 05:26:58,904: INFO: model_evaluation_mlflow: Model loaded successfully!]
[2026-06-16 05:27:27,856: INFO: common: yaml file: C:\Users\LENOVO\Kidney-Disease-Classification-DL-Project-DVC\config\config.yaml loaded successfully]
[2026-06-16 05:27:27,858: INFO: common: yaml file: C:\Users\LENOVO\Kidney-Disease-Classification-DL-Project-DVC\params.yaml loaded successfully]
[2026-06-16 05:27:27,860: INFO: common: created directory at: artifacts]
[2026-06-16 05:27:29,581: INFO: _client: HTTP Request: GET https://dagshub.com/api/v1/repos/Anshika102005/Kidney-Disease-Classification-DL-Project-DVC "HTTP/1.1 200 OK"]
[2026-06-16 05:27:29,587: INFO: helpers: Initialized MLflow to track repo "Anshika102005/Kidney-Disease-Classification-DL-Project-DVC"]
[2026-06-16 05:27:29,590: INFO: helpers: Repository Anshika102005/Kidney-Disease-Classification-DL-Project-DVC initialized!]
[2026-06-16 05:27:29,592: INFO: model_evaluation_mlflow: Loading model from: C:\Users\LENOVO\Kidney-Disease-Classification-DL-Project-DVC\artifacts\training\trained_model.h5]
[2026-06-16 05:27:29,595: WARNING: model_evaluation_mlflow: Standard load failed (Error when deserializing class 'InputLayer' using config={'batch_shape': [None, 224, 224, 3], 'dtype': 'float32', 'sparse': False, 'ragged': False, 'name': 'input_layer', 'optional': False}.

Exception encountered: Unrecognized keyword arguments: ['batch_shape', 'optional']), trying weight-only rebuild...]
[2026-06-16 05:27:29,859: INFO: model_evaluation_mlflow: Model loaded successfully!]
[2026-06-16 05:27:29,879: INFO: model_evaluation_mlflow: Loading model from: C:\Users\LENOVO\Kidney-Disease-Classification-DL-Project-DVC\artifacts\training\trained_model.h5]
[2026-06-16 05:27:29,885: WARNING: model_evaluation_mlflow: Standard load failed (Error when deserializing class 'InputLayer' using config={'batch_shape': [None, 224, 224, 3], 'dtype': 'float32', 'sparse': False, 'ragged': False, 'name': 'input_layer', 'optional': False}.

Exception encountered: Unrecognized keyword arguments: ['batch_shape', 'optional']), trying weight-only rebuild...]
[2026-06-16 05:27:30,122: INFO: model_evaluation_mlflow: Model loaded successfully!]
[2026-06-16 05:28:25,466: INFO: common: yaml file: C:\Users\LENOVO\Kidney-Disease-Classification-DL-Project-DVC\config\config.yaml loaded successfully]
[2026-06-16 05:28:25,468: INFO: common: yaml file: C:\Users\LENOVO\Kidney-Disease-Classification-DL-Project-DVC\params.yaml loaded successfully]
[2026-06-16 05:28:25,470: INFO: common: created directory at: artifacts]
[2026-06-16 05:28:30,191: INFO: _client: HTTP Request: GET https://dagshub.com/api/v1/repos/Anshika102005/Kidney-Disease-Classification-DL-Project-DVC "HTTP/1.1 200 OK"]
[2026-06-16 05:28:30,198: INFO: helpers: Initialized MLflow to track repo "Anshika102005/Kidney-Disease-Classification-DL-Project-DVC"]
[2026-06-16 05:28:30,202: INFO: helpers: Repository Anshika102005/Kidney-Disease-Classification-DL-Project-DVC initialized!]
[2026-06-16 05:28:30,203: INFO: model_evaluation_mlflow: Loading model from: C:\Users\LENOVO\Kidney-Disease-Classification-DL-Project-DVC\artifacts\training\trained_model.h5]
[2026-06-16 05:28:30,209: WARNING: model_evaluation_mlflow: Standard load failed (Error when deserializing class 'InputLayer' using config={'batch_shape': [None, 224, 224, 3], 'dtype': 'float32', 'sparse': False, 'ragged': False, 'name': 'input_layer', 'optional': False}.

Exception encountered: Unrecognized keyword arguments: ['batch_shape', 'optional']), trying weight-only rebuild...]
[2026-06-16 05:28:30,438: INFO: model_evaluation_mlflow: Model loaded successfully!]
[2026-06-16 05:28:30,460: INFO: model_evaluation_mlflow: Loading model from: C:\Users\LENOVO\Kidney-Disease-Classification-DL-Project-DVC\artifacts\training\trained_model.h5]
[2026-06-16 05:28:30,467: WARNING: model_evaluation_mlflow: Standard load failed (Error when deserializing class 'InputLayer' using config={'batch_shape': [None, 224, 224, 3], 'dtype': 'float32', 'sparse': False, 'ragged': False, 'name': 'input_layer', 'optional': False}.

Exception encountered: Unrecognized keyword arguments: ['batch_shape', 'optional']), trying weight-only rebuild...]
[2026-06-16 05:28:30,698: INFO: model_evaluation_mlflow: Model loaded successfully!]
[2026-06-16 05:29:32,264: INFO: common: yaml file: C:\Users\LENOVO\Kidney-Disease-Classification-DL-Project-DVC\config\config.yaml loaded successfully]
[2026-06-16 05:29:32,267: INFO: common: yaml file: C:\Users\LENOVO\Kidney-Disease-Classification-DL-Project-DVC\params.yaml loaded successfully]
[2026-06-16 05:29:32,269: INFO: common: created directory at: artifacts]
[2026-06-16 05:29:42,416: INFO: _client: HTTP Request: GET https://dagshub.com/api/v1/repos/Anshika102005/Kidney-Disease-Classification-DL-Project-DVC "HTTP/1.1 200 OK"]
[2026-06-16 05:29:42,424: INFO: helpers: Initialized MLflow to track repo "Anshika102005/Kidney-Disease-Classification-DL-Project-DVC"]
[2026-06-16 05:29:42,426: INFO: helpers: Repository Anshika102005/Kidney-Disease-Classification-DL-Project-DVC initialized!]
[2026-06-16 05:29:51,970: INFO: common: yaml file: C:\Users\LENOVO\Kidney-Disease-Classification-DL-Project-DVC\config\config.yaml loaded successfully]
[2026-06-16 05:29:51,972: INFO: common: yaml file: C:\Users\LENOVO\Kidney-Disease-Classification-DL-Project-DVC\params.yaml loaded successfully]
[2026-06-16 05:29:51,976: INFO: common: created directory at: artifacts]
[2026-06-16 05:29:57,688: INFO: common: yaml file: C:\Users\LENOVO\Kidney-Disease-Classification-DL-Project-DVC\config\config.yaml loaded successfully]
[2026-06-16 05:29:57,690: INFO: common: yaml file: C:\Users\LENOVO\Kidney-Disease-Classification-DL-Project-DVC\params.yaml loaded successfully]
[2026-06-16 05:29:57,692: INFO: common: created directory at: artifacts]
[2026-06-16 05:30:05,898: INFO: common: yaml file: C:\Users\LENOVO\Kidney-Disease-Classification-DL-Project-DVC\config\config.yaml loaded successfully]
[2026-06-16 05:30:05,901: INFO: common: yaml file: C:\Users\LENOVO\Kidney-Disease-Classification-DL-Project-DVC\params.yaml loaded successfully]
[2026-06-16 05:30:05,903: INFO: common: created directory at: artifacts]
[2026-06-16 05:30:12,774: INFO: _client: HTTP Request: GET https://dagshub.com/api/v1/repos/Anshika102005/Kidney-Disease-Classification-DL-Project-DVC "HTTP/1.1 200 OK"]
[2026-06-16 05:30:12,784: INFO: helpers: Initialized MLflow to track repo "Anshika102005/Kidney-Disease-Classification-DL-Project-DVC"]
[2026-06-16 05:30:12,786: INFO: helpers: Repository Anshika102005/Kidney-Disease-Classification-DL-Project-DVC initialized!]
[2026-06-16 05:30:12,787: INFO: model_evaluation_mlflow: Loading model from: C:\Users\LENOVO\Kidney-Disease-Classification-DL-Project-DVC\artifacts\training\trained_model.h5]
[2026-06-16 05:30:12,792: WARNING: model_evaluation_mlflow: Standard load failed (Error when deserializing class 'InputLayer' using config={'batch_shape': [None, 224, 224, 3], 'dtype': 'float32', 'sparse': False, 'ragged': False, 'name': 'input_layer', 'optional': False}.

Exception encountered: Unrecognized keyword arguments: ['batch_shape', 'optional']), trying weight-only rebuild...]
[2026-06-16 05:30:13,033: INFO: model_evaluation_mlflow: Model loaded successfully!]
[2026-06-16 05:30:13,055: INFO: model_evaluation_mlflow: Loading model from: C:\Users\LENOVO\Kidney-Disease-Classification-DL-Project-DVC\artifacts\training\trained_model.h5]
[2026-06-16 05:30:13,058: WARNING: model_evaluation_mlflow: Standard load failed (Error when deserializing class 'InputLayer' using config={'batch_shape': [None, 224, 224, 3], 'dtype': 'float32', 'sparse': False, 'ragged': False, 'name': 'input_layer', 'optional': False}.

Exception encountered: Unrecognized keyword arguments: ['batch_shape', 'optional']), trying weight-only rebuild...]
[2026-06-16 05:30:13,298: INFO: model_evaluation_mlflow: Model loaded successfully!]
[2026-06-16 05:31:09,866: INFO: common: yaml file: C:\Users\LENOVO\Kidney-Disease-Classification-DL-Project-DVC\config\config.yaml loaded successfully]
[2026-06-16 05:31:09,872: INFO: common: yaml file: C:\Users\LENOVO\Kidney-Disease-Classification-DL-Project-DVC\params.yaml loaded successfully]
[2026-06-16 05:31:09,874: INFO: common: created directory at: artifacts]
[2026-06-16 05:31:13,797: INFO: _client: HTTP Request: GET https://dagshub.com/api/v1/repos/Anshika102005/Kidney-Disease-Classification-DL-Project-DVC "HTTP/1.1 200 OK"]
[2026-06-16 05:31:13,804: INFO: helpers: Initialized MLflow to track repo "Anshika102005/Kidney-Disease-Classification-DL-Project-DVC"]
[2026-06-16 05:31:13,806: INFO: helpers: Repository Anshika102005/Kidney-Disease-Classification-DL-Project-DVC initialized!]
[2026-06-16 05:31:13,807: INFO: model_evaluation_mlflow: Loading model from: C:\Users\LENOVO\Kidney-Disease-Classification-DL-Project-DVC\artifacts\training\trained_model.h5]
[2026-06-16 05:31:13,811: WARNING: model_evaluation_mlflow: Standard load failed (Error when deserializing class 'InputLayer' using config={'batch_shape': [None, 224, 224, 3], 'dtype': 'float32', 'sparse': False, 'ragged': False, 'name': 'input_layer', 'optional': False}.

Exception encountered: Unrecognized keyword arguments: ['batch_shape', 'optional']), trying weight-only rebuild...]
[2026-06-16 05:31:14,046: INFO: model_evaluation_mlflow: Model loaded successfully!]
[2026-06-16 05:32:35,462: INFO: common: yaml file: C:\Users\LENOVO\Kidney-Disease-Classification-DL-Project-DVC\config\config.yaml loaded successfully]
[2026-06-16 05:32:35,466: INFO: common: yaml file: C:\Users\LENOVO\Kidney-Disease-Classification-DL-Project-DVC\params.yaml loaded successfully]
[2026-06-16 05:32:35,468: INFO: common: created directory at: artifacts]
[2026-06-16 05:32:42,805: INFO: _client: HTTP Request: GET https://dagshub.com/api/v1/repos/Anshika102005/Kidney-Disease-Classification-DL-Project-DVC "HTTP/1.1 200 OK"]
[2026-06-16 05:32:42,815: INFO: helpers: Initialized MLflow to track repo "Anshika102005/Kidney-Disease-Classification-DL-Project-DVC"]
[2026-06-16 05:32:42,822: INFO: helpers: Repository Anshika102005/Kidney-Disease-Classification-DL-Project-DVC initialized!]
[2026-06-16 05:32:42,825: INFO: model_evaluation_mlflow: Loading model from: C:\Users\LENOVO\Kidney-Disease-Classification-DL-Project-DVC\artifacts\training\trained_model.h5]
[2026-06-16 05:32:42,839: WARNING: model_evaluation_mlflow: Standard load failed (Error when deserializing class 'InputLayer' using config={'batch_shape': [None, 224, 224, 3], 'dtype': 'float32', 'sparse': False, 'ragged': False, 'name': 'input_layer', 'optional': False}.

Exception encountered: Unrecognized keyword arguments: ['batch_shape', 'optional']), trying weight-only rebuild...]
[2026-06-16 05:32:43,160: INFO: model_evaluation_mlflow: Model loaded successfully!]
[2026-06-16 05:34:07,384: INFO: common: yaml file: C:\Users\LENOVO\Kidney-Disease-Classification-DL-Project-DVC\config\config.yaml loaded successfully]
[2026-06-16 05:34:07,389: INFO: common: yaml file: C:\Users\LENOVO\Kidney-Disease-Classification-DL-Project-DVC\params.yaml loaded successfully]
[2026-06-16 05:34:07,391: INFO: common: created directory at: artifacts]
[2026-06-16 05:34:13,556: INFO: _client: HTTP Request: GET https://dagshub.com/api/v1/user "HTTP/1.1 200 OK"]
[2026-06-16 05:34:13,572: INFO: helpers: Accessing as sahuanshika010]
[2026-06-16 05:34:19,574: INFO: _client: HTTP Request: GET https://dagshub.com/api/v1/repos/Anshika102005/Kidney-Disease-Classification-DL-Project-DVC "HTTP/1.1 200 OK"]
[2026-06-16 05:34:20,424: INFO: _client: HTTP Request: GET https://dagshub.com/api/v1/user "HTTP/1.1 200 OK"]
[2026-06-16 05:34:20,431: INFO: helpers: Initialized MLflow to track repo "Anshika102005/Kidney-Disease-Classification-DL-Project-DVC"]
[2026-06-16 05:34:20,434: INFO: helpers: Repository Anshika102005/Kidney-Disease-Classification-DL-Project-DVC initialized!]
[2026-06-16 05:34:25,354: INFO: common: yaml file: C:\Users\LENOVO\Kidney-Disease-Classification-DL-Project-DVC\config\config.yaml loaded successfully]
[2026-06-16 05:34:25,357: INFO: common: yaml file: C:\Users\LENOVO\Kidney-Disease-Classification-DL-Project-DVC\params.yaml loaded successfully]
[2026-06-16 05:34:25,359: INFO: common: created directory at: artifacts]
[2026-06-16 05:34:31,839: INFO: common: yaml file: C:\Users\LENOVO\Kidney-Disease-Classification-DL-Project-DVC\config\config.yaml loaded successfully]
[2026-06-16 05:34:31,841: INFO: common: yaml file: C:\Users\LENOVO\Kidney-Disease-Classification-DL-Project-DVC\params.yaml loaded successfully]
[2026-06-16 05:34:31,843: INFO: common: created directory at: artifacts]
[2026-06-16 05:34:39,262: INFO: common: yaml file: C:\Users\LENOVO\Kidney-Disease-Classification-DL-Project-DVC\config\config.yaml loaded successfully]
[2026-06-16 05:34:39,265: INFO: common: yaml file: C:\Users\LENOVO\Kidney-Disease-Classification-DL-Project-DVC\params.yaml loaded successfully]
[2026-06-16 05:34:39,267: INFO: common: created directory at: artifacts]
[2026-06-16 05:34:40,160: INFO: _client: HTTP Request: GET https://dagshub.com/api/v1/repos/Anshika102005/Kidney-Disease-Classification-DL-Project-DVC "HTTP/1.1 200 OK"]
[2026-06-16 05:34:40,164: INFO: helpers: Initialized MLflow to track repo "Anshika102005/Kidney-Disease-Classification-DL-Project-DVC"]
[2026-06-16 05:34:40,166: INFO: helpers: Repository Anshika102005/Kidney-Disease-Classification-DL-Project-DVC initialized!]
[2026-06-16 05:34:40,167: INFO: model_evaluation_mlflow: Loading model from: C:\Users\LENOVO\Kidney-Disease-Classification-DL-Project-DVC\artifacts\training\trained_model.h5]
[2026-06-16 05:34:40,174: WARNING: model_evaluation_mlflow: Standard load failed, trying weight-only rebuild...]
[2026-06-16 05:34:40,516: INFO: model_evaluation_mlflow: Model loaded and compiled!]
[2026-06-16 05:34:56,522: INFO: model_evaluation_mlflow: Loss: 0.0, Accuracy: 1.0]
[2026-06-16 05:35:00,595: INFO: _client: HTTP Request: GET https://dagshub.com/api/v1/repos/Anshika102005/Kidney-Disease-Classification-DL-Project-DVC "HTTP/1.1 200 OK"]
[2026-06-16 05:35:00,599: INFO: helpers: Initialized MLflow to track repo "Anshika102005/Kidney-Disease-Classification-DL-Project-DVC"]
[2026-06-16 05:35:00,603: INFO: helpers: Repository Anshika102005/Kidney-Disease-Classification-DL-Project-DVC initialized!]
[2026-06-16 05:35:03,234: WARNING: model_evaluation_mlflow: MLflow logging skipped (not authenticated): API request to endpoint /api/2.0/mlflow/runs/create failed with error code 403 != 200. Response body: '']
[2026-06-16 05:38:20,896: INFO: common: yaml file: C:\Users\LENOVO\Kidney-Disease-Classification-DL-Project-DVC\config\config.yaml loaded successfully]
[2026-06-16 05:38:20,899: INFO: common: yaml file: C:\Users\LENOVO\Kidney-Disease-Classification-DL-Project-DVC\params.yaml loaded successfully]
[2026-06-16 05:38:20,900: INFO: common: created directory at: artifacts]
[2026-06-16 05:38:20,902: INFO: model_evaluation_mlflow: Loading model from: artifacts\training\trained_model.h5]
[2026-06-16 05:38:20,908: WARNING: model_evaluation_mlflow: Standard load failed, trying weight-only rebuild...]
[2026-06-16 05:38:21,147: INFO: model_evaluation_mlflow: Model loaded and compiled!]
[2026-06-16 05:38:36,167: INFO: model_evaluation_mlflow: Loss: 0.0, Accuracy: 1.0]
[2026-06-16 05:38:39,257: INFO: _client: HTTP Request: GET https://dagshub.com/api/v1/repos/Anshika102005/Kidney-Disease-Classification-DL-Project-DVC "HTTP/1.1 200 OK"]
[2026-06-16 05:38:39,267: INFO: helpers: Initialized MLflow to track repo "Anshika102005/Kidney-Disease-Classification-DL-Project-DVC"]
[2026-06-16 05:38:39,270: INFO: helpers: Repository Anshika102005/Kidney-Disease-Classification-DL-Project-DVC initialized!]
[2026-06-16 05:38:40,120: WARNING: model_evaluation_mlflow: MLflow logging skipped (not authenticated): API request to endpoint /api/2.0/mlflow/runs/create failed with error code 403 != 200. Response body: '']
[2026-06-20 01:53:20,512: INFO: common: yaml file: C:\Users\LENOVO\Kidney-Disease-Classification-DL-Project-DVC\config\config.yaml loaded successfully]
[2026-06-20 01:53:20,515: INFO: common: yaml file: C:\Users\LENOVO\Kidney-Disease-Classification-DL-Project-DVC\params.yaml loaded successfully]
[2026-06-20 01:53:20,516: INFO: common: created directory at: artifacts]
[2026-06-20 01:53:20,517: INFO: model_evaluation_mlflow: Loading model from: artifacts\training\trained_model.h5]
[2026-06-20 01:53:20,541: WARNING: model_evaluation_mlflow: Standard load failed, trying weight-only rebuild...]
[2026-06-20 01:53:21,211: INFO: model_evaluation_mlflow: Model loaded and compiled!]
[2026-06-20 01:53:39,148: INFO: model_evaluation_mlflow: Loss: 0.0, Accuracy: 1.0]
[2026-06-20 01:53:40,026: INFO: _client: HTTP Request: GET https://dagshub.com/api/v1/user "HTTP/1.1 200 OK"]
[2026-06-20 01:53:40,048: INFO: helpers: Accessing as sahuanshika010]
[2026-06-20 01:53:40,999: INFO: _client: HTTP Request: GET https://dagshub.com/api/v1/repos/Anshika102005/Kidney-Disease-Classification-DL-Project-DVC "HTTP/1.1 200 OK"]
[2026-06-20 01:53:41,783: INFO: _client: HTTP Request: GET https://dagshub.com/api/v1/user "HTTP/1.1 200 OK"]
[2026-06-20 01:53:41,799: INFO: helpers: Initialized MLflow to track repo "Anshika102005/Kidney-Disease-Classification-DL-Project-DVC"]
[2026-06-20 01:53:41,808: INFO: helpers: Repository Anshika102005/Kidney-Disease-Classification-DL-Project-DVC initialized!]
[2026-06-20 01:53:42,734: WARNING: model_evaluation_mlflow: MLflow logging skipped (not authenticated): API request to endpoint /api/2.0/mlflow/runs/create failed with error code 403 != 200. Response body: '']
[2026-06-20 02:05:35,660: INFO: common: yaml file: C:\Users\LENOVO\Kidney-Disease-Classification-DL-Project-DVC\config\config.yaml loaded successfully]
[2026-06-20 02:05:35,667: INFO: common: yaml file: C:\Users\LENOVO\Kidney-Disease-Classification-DL-Project-DVC\params.yaml loaded successfully]
[2026-06-20 02:05:35,672: INFO: common: created directory at: artifacts]
[2026-06-20 02:05:38,791: INFO: _client: HTTP Request: GET https://dagshub.com/api/v1/repos/Anshika102005/Kidney-Disease-Classification-DL-Project-DVC "HTTP/1.1 200 OK"]
[2026-06-20 02:05:38,798: INFO: helpers: Initialized MLflow to track repo "Anshika102005/Kidney-Disease-Classification-DL-Project-DVC"]
[2026-06-20 02:05:38,803: INFO: helpers: Repository Anshika102005/Kidney-Disease-Classification-DL-Project-DVC initialized!]
[2026-06-20 02:06:08,412: INFO: common: yaml file: C:\Users\LENOVO\Kidney-Disease-Classification-DL-Project-DVC\config\config.yaml loaded successfully]
[2026-06-20 02:06:08,419: INFO: common: yaml file: C:\Users\LENOVO\Kidney-Disease-Classification-DL-Project-DVC\params.yaml loaded successfully]
[2026-06-20 02:06:08,422: INFO: common: created directory at: artifacts]
[2026-06-20 02:06:15,186: INFO: common: yaml file: C:\Users\LENOVO\Kidney-Disease-Classification-DL-Project-DVC\config\config.yaml loaded successfully]
[2026-06-20 02:06:15,190: INFO: common: yaml file: C:\Users\LENOVO\Kidney-Disease-Classification-DL-Project-DVC\params.yaml loaded successfully]
[2026-06-20 02:06:15,193: INFO: common: created directory at: artifacts]
[2026-06-20 02:06:28,683: INFO: _client: HTTP Request: GET https://dagshub.com/api/v1/repos/Anshika102005/Kidney-Disease-Classification-DL-Project-DVC "HTTP/1.1 200 OK"]
[2026-06-20 02:06:28,694: INFO: helpers: Initialized MLflow to track repo "Anshika102005/Kidney-Disease-Classification-DL-Project-DVC"]
[2026-06-20 02:06:28,699: INFO: helpers: Repository Anshika102005/Kidney-Disease-Classification-DL-Project-DVC initialized!]
[2026-06-20 02:06:48,345: INFO: common: yaml file: C:\Users\LENOVO\Kidney-Disease-Classification-DL-Project-DVC\config\config.yaml loaded successfully]
[2026-06-20 02:06:48,350: INFO: common: yaml file: C:\Users\LENOVO\Kidney-Disease-Classification-DL-Project-DVC\params.yaml loaded successfully]
[2026-06-20 02:06:48,352: INFO: common: created directory at: artifacts]
[2026-06-20 02:06:49,571: INFO: _client: HTTP Request: GET https://dagshub.com/api/v1/repos/Anshika102005/Kidney-Disease-Classification-DL-Project-DVC "HTTP/1.1 200 OK"]
[2026-06-20 02:06:49,579: INFO: helpers: Initialized MLflow to track repo "Anshika102005/Kidney-Disease-Classification-DL-Project-DVC"]
[2026-06-20 02:06:49,586: INFO: helpers: Repository Anshika102005/Kidney-Disease-Classification-DL-Project-DVC initialized!]
[2026-06-20 02:06:49,587: INFO: model_evaluation_mlflow: Loading model from: C:\Users\LENOVO\Kidney-Disease-Classification-DL-Project-DVC\artifacts\training\trained_model.h5]
[2026-06-20 02:06:49,599: WARNING: model_evaluation_mlflow: Standard load failed, trying weight-only rebuild...]
[2026-06-20 02:06:50,079: INFO: model_evaluation_mlflow: Model loaded and compiled!]
[2026-06-20 02:07:10,721: INFO: model_evaluation_mlflow: Loss: 0.0, Accuracy: 1.0]
[2026-06-20 02:07:11,734: INFO: _client: HTTP Request: GET https://dagshub.com/api/v1/repos/Anshika102005/Kidney-Disease-Classification-DL-Project-DVC "HTTP/1.1 200 OK"]
[2026-06-20 02:07:11,756: INFO: helpers: Initialized MLflow to track repo "Anshika102005/Kidney-Disease-Classification-DL-Project-DVC"]
[2026-06-20 02:07:11,767: INFO: helpers: Repository Anshika102005/Kidney-Disease-Classification-DL-Project-DVC initialized!]
[2026-06-20 02:07:12,757: WARNING: model_evaluation_mlflow: MLflow logging skipped (not authenticated): API request to endpoint /api/2.0/mlflow/runs/create failed with error code 403 != 200. Response body: '']
[2026-06-20 02:07:36,495: INFO: common: yaml file: C:\Users\LENOVO\Kidney-Disease-Classification-DL-Project-DVC\config\config.yaml loaded successfully]
[2026-06-20 02:07:36,498: INFO: common: yaml file: C:\Users\LENOVO\Kidney-Disease-Classification-DL-Project-DVC\params.yaml loaded successfully]
[2026-06-20 02:07:36,500: INFO: common: created directory at: artifacts]
[2026-06-20 02:07:36,502: INFO: model_evaluation_mlflow: Loading model from: artifacts\training\trained_model.h5]
[2026-06-20 02:07:36,508: WARNING: model_evaluation_mlflow: Standard load failed, trying weight-only rebuild...]
[2026-06-20 02:07:36,837: INFO: model_evaluation_mlflow: Model loaded and compiled!]
[2026-06-20 02:08:00,597: INFO: model_evaluation_mlflow: Loss: 0.0, Accuracy: 1.0]
[2026-06-20 02:08:01,499: INFO: _client: HTTP Request: GET https://dagshub.com/api/v1/repos/Anshika102005/Kidney-Disease-Classification-DL-Project-DVC "HTTP/1.1 200 OK"]
[2026-06-20 02:08:01,509: INFO: helpers: Initialized MLflow to track repo "Anshika102005/Kidney-Disease-Classification-DL-Project-DVC"]
[2026-06-20 02:08:01,515: INFO: helpers: Repository Anshika102005/Kidney-Disease-Classification-DL-Project-DVC initialized!]
[2026-06-20 02:08:01,952: WARNING: model_evaluation_mlflow: MLflow logging skipped (not authenticated): API request to endpoint /api/2.0/mlflow/runs/create failed with error code 403 != 200. Response body: '']
[2026-06-20 02:15:58,689: INFO: common: yaml file: C:\Users\LENOVO\Kidney-Disease-Classification-DL-Project-DVC\config\config.yaml loaded successfully]
[2026-06-20 02:15:58,691: INFO: common: yaml file: C:\Users\LENOVO\Kidney-Disease-Classification-DL-Project-DVC\params.yaml loaded successfully]
[2026-06-20 02:15:58,693: INFO: common: created directory at: artifacts]
[2026-06-20 02:15:58,695: INFO: model_evaluation_mlflow: Loading model from: artifacts\training\trained_model.h5]
[2026-06-20 02:15:58,699: WARNING: model_evaluation_mlflow: Standard load failed, trying weight-only rebuild...]
[2026-06-20 02:15:58,956: INFO: model_evaluation_mlflow: Model loaded and compiled!]
[2026-06-20 02:16:16,042: INFO: model_evaluation_mlflow: Loss: 0.0, Accuracy: 1.0]
[2026-06-20 02:16:17,023: INFO: _client: HTTP Request: GET https://dagshub.com/api/v1/repos/Anshika102005/Kidney-Disease-Classification-DL-Project-DVC "HTTP/1.1 200 OK"]
[2026-06-20 02:16:17,028: INFO: helpers: Initialized MLflow to track repo "Anshika102005/Kidney-Disease-Classification-DL-Project-DVC"]
[2026-06-20 02:16:17,030: INFO: helpers: Repository Anshika102005/Kidney-Disease-Classification-DL-Project-DVC initialized!]
[2026-06-20 02:16:17,969: WARNING: model_evaluation_mlflow: MLflow logging skipped (not authenticated): API request to endpoint /api/2.0/mlflow/runs/create failed with error code 403 != 200. Response body: '']
[2026-06-20 02:46:22,321: INFO: common: yaml file: C:\Users\LENOVO\Kidney-Disease-Classification-DL-Project-DVC\config\config.yaml loaded successfully]
[2026-06-20 02:46:22,327: INFO: common: yaml file: C:\Users\LENOVO\Kidney-Disease-Classification-DL-Project-DVC\params.yaml loaded successfully]
[2026-06-20 02:46:22,329: INFO: common: created directory at: artifacts]
[2026-06-20 02:46:25,902: INFO: _client: HTTP Request: GET https://dagshub.com/api/v1/repos/Anshika102005/Kidney-Disease-Classification-DL-Project-DVC "HTTP/1.1 200 OK"]
[2026-06-20 02:46:25,910: INFO: helpers: Initialized MLflow to track repo "Anshika102005/Kidney-Disease-Classification-DL-Project-DVC"]
[2026-06-20 02:46:25,914: INFO: helpers: Repository Anshika102005/Kidney-Disease-Classification-DL-Project-DVC initialized!]
[2026-06-20 02:46:31,536: INFO: common: yaml file: C:\Users\LENOVO\Kidney-Disease-Classification-DL-Project-DVC\config\config.yaml loaded successfully]
[2026-06-20 02:46:31,544: INFO: common: yaml file: C:\Users\LENOVO\Kidney-Disease-Classification-DL-Project-DVC\params.yaml loaded successfully]
[2026-06-20 02:46:31,547: INFO: common: created directory at: artifacts]
[2026-06-20 02:46:37,721: INFO: common: yaml file: C:\Users\LENOVO\Kidney-Disease-Classification-DL-Project-DVC\config\config.yaml loaded successfully]
[2026-06-20 02:46:37,728: INFO: common: yaml file: C:\Users\LENOVO\Kidney-Disease-Classification-DL-Project-DVC\params.yaml loaded successfully]
[2026-06-20 02:46:37,733: INFO: common: created directory at: artifacts]
[2026-06-20 02:46:38,275: INFO: common: yaml file: C:\Users\LENOVO\Kidney-Disease-Classification-DL-Project-DVC\config\config.yaml loaded successfully]
[2026-06-20 02:46:38,278: INFO: common: yaml file: C:\Users\LENOVO\Kidney-Disease-Classification-DL-Project-DVC\params.yaml loaded successfully]
[2026-06-20 02:46:38,280: INFO: common: created directory at: artifacts]
[2026-06-20 02:46:39,893: INFO: _client: HTTP Request: GET https://dagshub.com/api/v1/repos/Anshika102005/Kidney-Disease-Classification-DL-Project-DVC "HTTP/1.1 200 OK"]
[2026-06-20 02:46:39,905: INFO: helpers: Initialized MLflow to track repo "Anshika102005/Kidney-Disease-Classification-DL-Project-DVC"]
[2026-06-20 02:46:39,908: INFO: helpers: Repository Anshika102005/Kidney-Disease-Classification-DL-Project-DVC initialized!]
[2026-06-20 02:46:41,145: INFO: common: yaml file: C:\Users\LENOVO\Kidney-Disease-Classification-DL-Project-DVC\config\config.yaml loaded successfully]
[2026-06-20 02:46:41,149: INFO: common: yaml file: C:\Users\LENOVO\Kidney-Disease-Classification-DL-Project-DVC\params.yaml loaded successfully]
[2026-06-20 02:46:41,149: INFO: common: created directory at: artifacts]
[2026-06-20 02:46:41,151: INFO: model_evaluation_mlflow: Loading model from: artifacts\training\trained_model.h5]
[2026-06-20 02:46:41,183: WARNING: model_evaluation_mlflow: Standard load failed, trying weight-only rebuild...]
[2026-06-20 02:46:41,531: INFO: model_evaluation_mlflow: Model loaded and compiled!]
[2026-06-20 02:46:59,689: INFO: model_evaluation_mlflow: Loss: 0.0, Accuracy: 1.0]
[2026-06-20 02:47:00,639: INFO: _client: HTTP Request: GET https://dagshub.com/api/v1/repos/Anshika102005/Kidney-Disease-Classification-DL-Project-DVC "HTTP/1.1 200 OK"]
[2026-06-20 02:47:00,644: INFO: helpers: Initialized MLflow to track repo "Anshika102005/Kidney-Disease-Classification-DL-Project-DVC"]
[2026-06-20 02:47:00,646: INFO: helpers: Repository Anshika102005/Kidney-Disease-Classification-DL-Project-DVC initialized!]
[2026-06-20 02:47:02,460: WARNING: model_evaluation_mlflow: MLflow logging skipped (not authenticated): API request to endpoint /api/2.0/mlflow/runs/create failed with error code 403 != 200. Response body: '']
[2026-06-20 03:39:15,963: INFO: common: yaml file: C:\Users\LENOVO\Kidney-Disease-Classification-DL-Project-DVC\config\config.yaml loaded successfully]
[2026-06-20 03:39:15,967: INFO: common: yaml file: C:\Users\LENOVO\Kidney-Disease-Classification-DL-Project-DVC\params.yaml loaded successfully]
[2026-06-20 03:39:15,969: INFO: common: created directory at: artifacts]
[2026-06-20 03:39:19,352: INFO: _client: HTTP Request: GET https://dagshub.com/api/v1/user "HTTP/1.1 200 OK"]
[2026-06-20 03:39:19,363: INFO: helpers: Accessing as sahuanshika010]
[2026-06-20 03:39:20,200: INFO: _client: HTTP Request: GET https://dagshub.com/api/v1/repos/Anshika102005/Kidney-Disease-Classification-DL-Project-DVC "HTTP/1.1 200 OK"]
[2026-06-20 03:39:20,976: INFO: _client: HTTP Request: GET https://dagshub.com/api/v1/user "HTTP/1.1 200 OK"]
[2026-06-20 03:39:20,980: INFO: helpers: Initialized MLflow to track repo "Anshika102005/Kidney-Disease-Classification-DL-Project-DVC"]
[2026-06-20 03:39:20,982: INFO: helpers: Repository Anshika102005/Kidney-Disease-Classification-DL-Project-DVC initialized!]
[2026-06-20 03:39:31,514: INFO: common: yaml file: C:\Users\LENOVO\Kidney-Disease-Classification-DL-Project-DVC\config\config.yaml loaded successfully]
[2026-06-20 03:39:31,517: INFO: common: yaml file: C:\Users\LENOVO\Kidney-Disease-Classification-DL-Project-DVC\params.yaml loaded successfully]
[2026-06-20 03:39:31,518: INFO: common: created directory at: artifacts]
[2026-06-20 03:39:38,085: INFO: common: yaml file: C:\Users\LENOVO\Kidney-Disease-Classification-DL-Project-DVC\config\config.yaml loaded successfully]
[2026-06-20 03:39:38,088: INFO: common: yaml file: C:\Users\LENOVO\Kidney-Disease-Classification-DL-Project-DVC\params.yaml loaded successfully]
[2026-06-20 03:39:38,091: INFO: common: created directory at: artifacts]
[2026-06-20 03:39:47,236: INFO: _client: HTTP Request: GET https://dagshub.com/api/v1/repos/Anshika102005/Kidney-Disease-Classification-DL-Project-DVC "HTTP/1.1 200 OK"]
[2026-06-20 03:39:47,239: INFO: helpers: Initialized MLflow to track repo "Anshika102005/Kidney-Disease-Classification-DL-Project-DVC"]
[2026-06-20 03:39:47,242: INFO: helpers: Repository Anshika102005/Kidney-Disease-Classification-DL-Project-DVC initialized!]
[2026-06-20 03:39:58,947: INFO: common: yaml file: C:\Users\LENOVO\Kidney-Disease-Classification-DL-Project-DVC\config\config.yaml loaded successfully]
[2026-06-20 03:39:58,949: INFO: common: yaml file: C:\Users\LENOVO\Kidney-Disease-Classification-DL-Project-DVC\params.yaml loaded successfully]
[2026-06-20 03:39:58,951: INFO: common: created directory at: artifacts]
[2026-06-20 03:39:58,953: INFO: model_evaluation_mlflow: Loading model from: artifacts\training\trained_model.h5]
[2026-06-20 03:39:58,954: INFO: model_evaluation_mlflow: Model file size: 59,551,336 bytes]
[2026-06-20 03:39:58,997: WARNING: model_evaluation_mlflow: TypeError on load, trying FixedInputLayer...]
[2026-06-20 03:40:24,501: INFO: common: yaml file: C:\Users\LENOVO\Kidney-Disease-Classification-DL-Project-DVC\config\config.yaml loaded successfully]
[2026-06-20 03:40:24,504: INFO: common: yaml file: C:\Users\LENOVO\Kidney-Disease-Classification-DL-Project-DVC\params.yaml loaded successfully]
[2026-06-20 03:40:24,507: INFO: common: created directory at: artifacts]
[2026-06-20 03:40:24,508: INFO: model_evaluation_mlflow: Loading model from: artifacts\training\trained_model.h5]
[2026-06-20 03:40:24,509: INFO: model_evaluation_mlflow: Model file size: 59,551,336 bytes]
[2026-06-20 03:40:24,516: WARNING: model_evaluation_mlflow: TypeError on load, trying FixedInputLayer...]
[2026-06-20 03:40:25,653: INFO: common: yaml file: C:\Users\LENOVO\Kidney-Disease-Classification-DL-Project-DVC\config\config.yaml loaded successfully]
[2026-06-20 03:40:25,656: INFO: common: yaml file: C:\Users\LENOVO\Kidney-Disease-Classification-DL-Project-DVC\params.yaml loaded successfully]
[2026-06-20 03:40:25,658: INFO: common: created directory at: artifacts]
[2026-06-20 03:40:25,659: INFO: model_evaluation_mlflow: Loading model from: artifacts\training\trained_model.h5]
[2026-06-20 03:40:25,660: INFO: model_evaluation_mlflow: Model file size: 59,551,336 bytes]
[2026-06-20 03:40:25,665: WARNING: model_evaluation_mlflow: TypeError on load, trying FixedInputLayer...]
[2026-06-20 03:40:26,720: INFO: common: yaml file: C:\Users\LENOVO\Kidney-Disease-Classification-DL-Project-DVC\config\config.yaml loaded successfully]
[2026-06-20 03:40:26,725: INFO: common: yaml file: C:\Users\LENOVO\Kidney-Disease-Classification-DL-Project-DVC\params.yaml loaded successfully]
[2026-06-20 03:40:26,727: INFO: common: created directory at: artifacts]
[2026-06-20 03:40:26,729: INFO: model_evaluation_mlflow: Loading model from: artifacts\training\trained_model.h5]
[2026-06-20 03:40:26,729: INFO: model_evaluation_mlflow: Model file size: 59,551,336 bytes]
[2026-06-20 03:40:26,737: WARNING: model_evaluation_mlflow: TypeError on load, trying FixedInputLayer...]
[2026-06-20 03:42:54,275: INFO: common: yaml file: C:\Users\LENOVO\Kidney-Disease-Classification-DL-Project-DVC\config\config.yaml loaded successfully]
[2026-06-20 03:42:54,278: INFO: common: yaml file: C:\Users\LENOVO\Kidney-Disease-Classification-DL-Project-DVC\params.yaml loaded successfully]
[2026-06-20 03:42:54,279: INFO: common: created directory at: artifacts]
[2026-06-20 03:45:12,755: INFO: common: yaml file: C:\Users\LENOVO\Kidney-Disease-Classification-DL-Project-DVC\config\config.yaml loaded successfully]
[2026-06-20 03:45:12,761: INFO: common: yaml file: C:\Users\LENOVO\Kidney-Disease-Classification-DL-Project-DVC\params.yaml loaded successfully]
[2026-06-20 03:45:12,764: INFO: common: created directory at: artifacts]
[2026-06-20 03:45:12,765: INFO: model_evaluation_mlflow: Loading model from: C:\Users\LENOVO\Kidney-Disease-Classification-DL-Project-DVC\artifacts\training\trained_model.h5]
[2026-06-20 03:45:12,766: INFO: model_evaluation_mlflow: Model file size: 59,551,336 bytes]
[2026-06-20 03:45:12,772: WARNING: model_evaluation_mlflow: TypeError on load, trying FixedInputLayer...]
[2026-06-20 03:45:42,768: INFO: common: yaml file: C:\Users\LENOVO\Kidney-Disease-Classification-DL-Project-DVC\config\config.yaml loaded successfully]
[2026-06-20 03:45:42,771: INFO: common: yaml file: C:\Users\LENOVO\Kidney-Disease-Classification-DL-Project-DVC\params.yaml loaded successfully]
[2026-06-20 03:45:42,773: INFO: common: created directory at: artifacts]
[2026-06-20 03:46:03,745: INFO: common: yaml file: C:\Users\LENOVO\Kidney-Disease-Classification-DL-Project-DVC\config\config.yaml loaded successfully]
[2026-06-20 03:46:03,747: INFO: common: yaml file: C:\Users\LENOVO\Kidney-Disease-Classification-DL-Project-DVC\params.yaml loaded successfully]
[2026-06-20 03:46:03,749: INFO: common: created directory at: artifacts]
[2026-06-20 03:46:30,097: INFO: common: yaml file: C:\Users\LENOVO\Kidney-Disease-Classification-DL-Project-DVC\config\config.yaml loaded successfully]
[2026-06-20 03:46:30,100: INFO: common: yaml file: C:\Users\LENOVO\Kidney-Disease-Classification-DL-Project-DVC\params.yaml loaded successfully]
[2026-06-20 03:46:30,103: INFO: common: created directory at: artifacts]
[2026-06-20 03:48:08,332: INFO: common: yaml file: C:\Users\LENOVO\Kidney-Disease-Classification-DL-Project-DVC\config\config.yaml loaded successfully]
[2026-06-20 03:48:08,335: INFO: common: yaml file: C:\Users\LENOVO\Kidney-Disease-Classification-DL-Project-DVC\params.yaml loaded successfully]
[2026-06-20 03:48:08,337: INFO: common: created directory at: artifacts]
[2026-06-20 03:48:12,055: INFO: _client: HTTP Request: GET https://dagshub.com/api/v1/user "HTTP/1.1 200 OK"]
[2026-06-20 03:48:12,066: INFO: helpers: Accessing as sahuanshika010]
[2026-06-20 03:48:12,872: INFO: _client: HTTP Request: GET https://dagshub.com/api/v1/repos/Anshika102005/Kidney-Disease-Classification-DL-Project-DVC "HTTP/1.1 200 OK"]
[2026-06-20 03:48:13,680: INFO: _client: HTTP Request: GET https://dagshub.com/api/v1/user "HTTP/1.1 200 OK"]
[2026-06-20 03:48:13,683: INFO: helpers: Initialized MLflow to track repo "Anshika102005/Kidney-Disease-Classification-DL-Project-DVC"]
[2026-06-20 03:48:13,685: INFO: helpers: Repository Anshika102005/Kidney-Disease-Classification-DL-Project-DVC initialized!]
[2026-06-20 03:48:23,743: INFO: common: yaml file: C:\Users\LENOVO\Kidney-Disease-Classification-DL-Project-DVC\config\config.yaml loaded successfully]
[2026-06-20 03:48:23,746: INFO: common: yaml file: C:\Users\LENOVO\Kidney-Disease-Classification-DL-Project-DVC\params.yaml loaded successfully]
[2026-06-20 03:48:23,748: INFO: common: created directory at: artifacts]
[2026-06-20 03:48:31,860: INFO: common: yaml file: C:\Users\LENOVO\Kidney-Disease-Classification-DL-Project-DVC\config\config.yaml loaded successfully]
[2026-06-20 03:48:31,864: INFO: common: yaml file: C:\Users\LENOVO\Kidney-Disease-Classification-DL-Project-DVC\params.yaml loaded successfully]
[2026-06-20 03:48:31,866: INFO: common: created directory at: artifacts]
[2026-06-20 03:48:42,357: INFO: common: yaml file: C:\Users\LENOVO\Kidney-Disease-Classification-DL-Project-DVC\config\config.yaml loaded successfully]
[2026-06-20 03:48:42,360: INFO: common: yaml file: C:\Users\LENOVO\Kidney-Disease-Classification-DL-Project-DVC\params.yaml loaded successfully]
[2026-06-20 03:48:42,363: INFO: common: created directory at: artifacts]
[2026-06-20 03:48:56,779: INFO: _client: HTTP Request: GET https://dagshub.com/api/v1/repos/Anshika102005/Kidney-Disease-Classification-DL-Project-DVC "HTTP/1.1 200 OK"]
[2026-06-20 03:48:56,784: INFO: helpers: Initialized MLflow to track repo "Anshika102005/Kidney-Disease-Classification-DL-Project-DVC"]
[2026-06-20 03:48:56,786: INFO: helpers: Repository Anshika102005/Kidney-Disease-Classification-DL-Project-DVC initialized!]
[2026-06-20 03:49:01,611: INFO: common: yaml file: C:\Users\LENOVO\Kidney-Disease-Classification-DL-Project-DVC\config\config.yaml loaded successfully]
[2026-06-20 03:49:01,614: INFO: common: yaml file: C:\Users\LENOVO\Kidney-Disease-Classification-DL-Project-DVC\params.yaml loaded successfully]
[2026-06-20 03:49:01,616: INFO: common: created directory at: artifacts]
[2026-06-20 03:49:51,475: INFO: common: yaml file: C:\Users\LENOVO\Kidney-Disease-Classification-DL-Project-DVC\config\config.yaml loaded successfully]
[2026-06-20 03:49:51,479: INFO: common: yaml file: C:\Users\LENOVO\Kidney-Disease-Classification-DL-Project-DVC\params.yaml loaded successfully]
[2026-06-20 03:49:51,480: INFO: common: created directory at: artifacts]
[2026-06-20 03:49:51,481: INFO: model_evaluation_mlflow: Loading model from: C:\Users\LENOVO\Kidney-Disease-Classification-DL-Project-DVC\artifacts\training\trained_model.h5]
[2026-06-20 03:49:51,483: INFO: model_evaluation_mlflow: Model file size: 59,551,336 bytes]
[2026-06-20 03:49:51,495: WARNING: model_evaluation_mlflow: TypeError on load, trying custom object fixes...]
[2026-06-20 03:56:24,850: INFO: common: yaml file: C:\Users\LENOVO\Kidney-Disease-Classification-DL-Project-DVC\config\config.yaml loaded successfully]
[2026-06-20 03:56:24,855: INFO: common: yaml file: C:\Users\LENOVO\Kidney-Disease-Classification-DL-Project-DVC\params.yaml loaded successfully]
[2026-06-20 03:56:24,857: INFO: common: created directory at: artifacts]
[2026-06-20 03:56:24,860: INFO: model_evaluation_mlflow: Loading model from: C:\Users\LENOVO\Kidney-Disease-Classification-DL-Project-DVC\artifacts\training\trained_model.h5]
[2026-06-20 03:56:24,861: INFO: model_evaluation_mlflow: Model file size: 59,551,336 bytes]
[2026-06-20 03:56:24,868: WARNING: model_evaluation_mlflow: TypeError on load, trying custom object fixes...]
[2026-06-20 03:58:23,541: INFO: common: yaml file: C:\Users\LENOVO\Kidney-Disease-Classification-DL-Project-DVC\config\config.yaml loaded successfully]
[2026-06-20 03:58:23,545: INFO: common: yaml file: C:\Users\LENOVO\Kidney-Disease-Classification-DL-Project-DVC\params.yaml loaded successfully]
[2026-06-20 03:58:23,547: INFO: common: created directory at: artifacts]
[2026-06-20 03:58:26,865: INFO: _client: HTTP Request: GET https://dagshub.com/api/v1/user "HTTP/1.1 200 OK"]
[2026-06-20 03:58:26,876: INFO: helpers: Accessing as sahuanshika010]
[2026-06-20 03:58:27,721: INFO: _client: HTTP Request: GET https://dagshub.com/api/v1/repos/Anshika102005/Kidney-Disease-Classification-DL-Project-DVC "HTTP/1.1 200 OK"]
[2026-06-20 03:58:28,514: INFO: _client: HTTP Request: GET https://dagshub.com/api/v1/user "HTTP/1.1 200 OK"]
[2026-06-20 03:58:28,516: INFO: helpers: Initialized MLflow to track repo "Anshika102005/Kidney-Disease-Classification-DL-Project-DVC"]
[2026-06-20 03:58:28,519: INFO: helpers: Repository Anshika102005/Kidney-Disease-Classification-DL-Project-DVC initialized!]
[2026-06-20 03:58:33,475: INFO: _client: HTTP Request: GET https://dagshub.com/api/v1/repos/Anshika102005/Kidney-Disease-Classification-DL-Project-DVC "HTTP/1.1 200 OK"]
[2026-06-20 03:58:33,481: INFO: helpers: Initialized MLflow to track repo "Anshika102005/Kidney-Disease-Classification-DL-Project-DVC"]
[2026-06-20 03:58:33,486: INFO: helpers: Repository Anshika102005/Kidney-Disease-Classification-DL-Project-DVC initialized!]
[2026-06-20 03:58:37,413: INFO: common: yaml file: C:\Users\LENOVO\Kidney-Disease-Classification-DL-Project-DVC\config\config.yaml loaded successfully]
[2026-06-20 03:58:37,416: INFO: common: yaml file: C:\Users\LENOVO\Kidney-Disease-Classification-DL-Project-DVC\params.yaml loaded successfully]
[2026-06-20 03:58:37,417: INFO: common: created directory at: artifacts]
[2026-06-20 03:58:39,981: INFO: common: yaml file: C:\Users\LENOVO\Kidney-Disease-Classification-DL-Project-DVC\config\config.yaml loaded successfully]
[2026-06-20 03:58:39,983: INFO: common: yaml file: C:\Users\LENOVO\Kidney-Disease-Classification-DL-Project-DVC\params.yaml loaded successfully]
[2026-06-20 03:58:39,985: INFO: common: created directory at: artifacts]
[2026-06-20 03:58:45,903: INFO: _client: HTTP Request: GET https://dagshub.com/api/v1/repos/Anshika102005/Kidney-Disease-Classification-DL-Project-DVC "HTTP/1.1 200 OK"]
[2026-06-20 03:58:45,907: INFO: helpers: Initialized MLflow to track repo "Anshika102005/Kidney-Disease-Classification-DL-Project-DVC"]
[2026-06-20 03:58:45,909: INFO: helpers: Repository Anshika102005/Kidney-Disease-Classification-DL-Project-DVC initialized!]
[2026-06-20 03:58:51,389: INFO: common: yaml file: C:\Users\LENOVO\Kidney-Disease-Classification-DL-Project-DVC\config\config.yaml loaded successfully]
[2026-06-20 03:58:51,392: INFO: common: yaml file: C:\Users\LENOVO\Kidney-Disease-Classification-DL-Project-DVC\params.yaml loaded successfully]
[2026-06-20 03:58:51,394: INFO: common: created directory at: artifacts]
[2026-06-20 03:58:51,395: INFO: model_evaluation_mlflow: Loading model from: C:\Users\LENOVO\Kidney-Disease-Classification-DL-Project-DVC\artifacts\training\trained_model.h5]
[2026-06-20 03:58:51,396: INFO: model_evaluation_mlflow: Model file size: 59,551,336 bytes]
[2026-06-20 03:58:51,406: WARNING: model_evaluation_mlflow: TypeError on load, trying InputLayer fix...]
[2026-06-20 03:59:37,459: INFO: common: yaml file: C:\Users\LENOVO\Kidney-Disease-Classification-DL-Project-DVC\config\config.yaml loaded successfully]
[2026-06-20 03:59:37,462: INFO: common: yaml file: C:\Users\LENOVO\Kidney-Disease-Classification-DL-Project-DVC\params.yaml loaded successfully]
[2026-06-20 03:59:37,463: INFO: common: created directory at: artifacts]
[2026-06-20 03:59:37,468: INFO: common: yaml file: C:\Users\LENOVO\Kidney-Disease-Classification-DL-Project-DVC\config\config.yaml loaded successfully]
[2026-06-20 03:59:37,471: INFO: common: yaml file: C:\Users\LENOVO\Kidney-Disease-Classification-DL-Project-DVC\params.yaml loaded successfully]
[2026-06-20 03:59:37,474: INFO: common: created directory at: artifacts]
[2026-06-20 03:59:37,476: INFO: model_evaluation_mlflow: Loading model from: C:\Users\LENOVO\Kidney-Disease-Classification-DL-Project-DVC\artifacts\training\trained_model.h5]
[2026-06-20 03:59:37,477: INFO: model_evaluation_mlflow: Model file size: 59,551,336 bytes]
[2026-06-20 03:59:37,482: WARNING: model_evaluation_mlflow: TypeError on load, trying InputLayer fix...]
[2026-06-20 04:00:03,899: INFO: common: yaml file: C:\Users\LENOVO\Kidney-Disease-Classification-DL-Project-DVC\config\config.yaml loaded successfully]
[2026-06-20 04:00:03,902: INFO: common: yaml file: C:\Users\LENOVO\Kidney-Disease-Classification-DL-Project-DVC\params.yaml loaded successfully]
[2026-06-20 04:00:03,904: INFO: common: created directory at: artifacts]
[2026-06-20 04:00:03,909: INFO: common: yaml file: C:\Users\LENOVO\Kidney-Disease-Classification-DL-Project-DVC\config\config.yaml loaded successfully]
[2026-06-20 04:00:03,913: INFO: common: yaml file: C:\Users\LENOVO\Kidney-Disease-Classification-DL-Project-DVC\params.yaml loaded successfully]
[2026-06-20 04:00:03,915: INFO: common: created directory at: artifacts]
[2026-06-20 04:00:03,916: INFO: model_evaluation_mlflow: Loading model from: C:\Users\LENOVO\Kidney-Disease-Classification-DL-Project-DVC\artifacts\training\trained_model.h5]
[2026-06-20 04:00:03,918: INFO: model_evaluation_mlflow: Model file size: 59,551,336 bytes]
[2026-06-20 04:00:03,922: WARNING: model_evaluation_mlflow: TypeError on load, trying InputLayer fix...]
[2026-06-20 04:00:32,388: INFO: common: yaml file: C:\Users\LENOVO\Kidney-Disease-Classification-DL-Project-DVC\config\config.yaml loaded successfully]
[2026-06-20 04:00:32,390: INFO: common: yaml file: C:\Users\LENOVO\Kidney-Disease-Classification-DL-Project-DVC\params.yaml loaded successfully]
[2026-06-20 04:00:32,393: INFO: common: created directory at: artifacts]
[2026-06-20 04:00:32,397: INFO: common: yaml file: C:\Users\LENOVO\Kidney-Disease-Classification-DL-Project-DVC\config\config.yaml loaded successfully]
[2026-06-20 04:00:32,400: INFO: common: yaml file: C:\Users\LENOVO\Kidney-Disease-Classification-DL-Project-DVC\params.yaml loaded successfully]
[2026-06-20 04:00:32,402: INFO: common: created directory at: artifacts]
[2026-06-20 04:00:32,403: INFO: model_evaluation_mlflow: Loading model from: C:\Users\LENOVO\Kidney-Disease-Classification-DL-Project-DVC\artifacts\training\trained_model.h5]
[2026-06-20 04:00:32,405: INFO: model_evaluation_mlflow: Model file size: 59,551,336 bytes]
[2026-06-20 04:00:32,409: WARNING: model_evaluation_mlflow: TypeError on load, trying InputLayer fix...]
[2026-06-20 04:01:13,040: INFO: common: yaml file: C:\Users\LENOVO\Kidney-Disease-Classification-DL-Project-DVC\config\config.yaml loaded successfully]
[2026-06-20 04:01:13,042: INFO: common: yaml file: C:\Users\LENOVO\Kidney-Disease-Classification-DL-Project-DVC\params.yaml loaded successfully]
[2026-06-20 04:01:13,044: INFO: common: created directory at: artifacts]
[2026-06-20 04:01:13,045: INFO: model_evaluation_mlflow: Loading model from: C:\Users\LENOVO\Kidney-Disease-Classification-DL-Project-DVC\artifacts\training\trained_model.h5]
[2026-06-20 04:01:13,046: INFO: model_evaluation_mlflow: Model file size: 59,551,336 bytes]
[2026-06-20 04:01:13,051: WARNING: model_evaluation_mlflow: TypeError on load, trying InputLayer fix...]
[2026-06-20 04:06:17,283: INFO: common: yaml file: C:\Users\LENOVO\Kidney-Disease-Classification-DL-Project-DVC\config\config.yaml loaded successfully]
[2026-06-20 04:06:17,286: INFO: common: yaml file: C:\Users\LENOVO\Kidney-Disease-Classification-DL-Project-DVC\params.yaml loaded successfully]
[2026-06-20 04:06:17,287: INFO: common: created directory at: artifacts]
[2026-06-20 04:06:20,396: INFO: _client: HTTP Request: GET https://dagshub.com/api/v1/user "HTTP/1.1 200 OK"]
[2026-06-20 04:06:20,413: INFO: helpers: Accessing as sahuanshika010]
[2026-06-20 04:06:21,428: INFO: _client: HTTP Request: GET https://dagshub.com/api/v1/repos/Anshika102005/Kidney-Disease-Classification-DL-Project-DVC "HTTP/1.1 200 OK"]
[2026-06-20 04:06:22,264: INFO: _client: HTTP Request: GET https://dagshub.com/api/v1/user "HTTP/1.1 200 OK"]
[2026-06-20 04:06:22,268: INFO: helpers: Initialized MLflow to track repo "Anshika102005/Kidney-Disease-Classification-DL-Project-DVC"]
[2026-06-20 04:06:22,270: INFO: helpers: Repository Anshika102005/Kidney-Disease-Classification-DL-Project-DVC initialized!]
[2026-06-20 04:06:28,855: INFO: common: yaml file: C:\Users\LENOVO\Kidney-Disease-Classification-DL-Project-DVC\config\config.yaml loaded successfully]
[2026-06-20 04:06:28,857: INFO: common: yaml file: C:\Users\LENOVO\Kidney-Disease-Classification-DL-Project-DVC\params.yaml loaded successfully]
[2026-06-20 04:06:28,859: INFO: common: created directory at: artifacts]
[2026-06-20 04:06:34,447: INFO: common: yaml file: C:\Users\LENOVO\Kidney-Disease-Classification-DL-Project-DVC\config\config.yaml loaded successfully]
[2026-06-20 04:06:34,450: INFO: common: yaml file: C:\Users\LENOVO\Kidney-Disease-Classification-DL-Project-DVC\params.yaml loaded successfully]
[2026-06-20 04:06:34,452: INFO: common: created directory at: artifacts]
[2026-06-20 04:06:48,243: INFO: _client: HTTP Request: GET https://dagshub.com/api/v1/repos/Anshika102005/Kidney-Disease-Classification-DL-Project-DVC "HTTP/1.1 200 OK"]
[2026-06-20 04:06:48,247: INFO: helpers: Initialized MLflow to track repo "Anshika102005/Kidney-Disease-Classification-DL-Project-DVC"]
[2026-06-20 04:06:48,249: INFO: helpers: Repository Anshika102005/Kidney-Disease-Classification-DL-Project-DVC initialized!]
[2026-06-20 04:07:04,136: INFO: common: yaml file: C:\Users\LENOVO\Kidney-Disease-Classification-DL-Project-DVC\config\config.yaml loaded successfully]
[2026-06-20 04:07:04,139: INFO: common: yaml file: C:\Users\LENOVO\Kidney-Disease-Classification-DL-Project-DVC\params.yaml loaded successfully]
[2026-06-20 04:07:04,141: INFO: common: created directory at: artifacts]
[2026-06-20 04:07:04,144: INFO: model_evaluation_mlflow: Loading model from: C:\Users\LENOVO\Kidney-Disease-Classification-DL-Project-DVC\artifacts\training\trained_model.h5]
[2026-06-20 04:07:04,145: INFO: model_evaluation_mlflow: Model file size: 59,551,336 bytes]
[2026-06-20 04:07:04,575: INFO: model_evaluation_mlflow: Model weights loaded successfully!]
[2026-06-20 04:07:04,584: INFO: model_evaluation_mlflow: Model loaded and compiled!]
[2026-06-20 04:07:21,348: INFO: model_evaluation_mlflow: Loss: 0.0, Accuracy: 1.0]
[2026-06-20 04:07:22,297: INFO: _client: HTTP Request: GET https://dagshub.com/api/v1/repos/Anshika102005/Kidney-Disease-Classification-DL-Project-DVC "HTTP/1.1 200 OK"]
[2026-06-20 04:07:22,300: INFO: helpers: Initialized MLflow to track repo "Anshika102005/Kidney-Disease-Classification-DL-Project-DVC"]
[2026-06-20 04:07:22,302: INFO: helpers: Repository Anshika102005/Kidney-Disease-Classification-DL-Project-DVC initialized!]
[2026-06-20 04:07:23,518: ERROR: model_evaluation_mlflow: ❌ MLflow logging failed: API request to endpoint /api/2.0/mlflow/experiments/create failed with error code 403 != 200. Response body: '']
[2026-06-20 04:09:24,698: INFO: common: yaml file: C:\Users\LENOVO\Kidney-Disease-Classification-DL-Project-DVC\config\config.yaml loaded successfully]
[2026-06-20 04:09:24,702: INFO: common: yaml file: C:\Users\LENOVO\Kidney-Disease-Classification-DL-Project-DVC\params.yaml loaded successfully]
[2026-06-20 04:09:24,706: INFO: common: created directory at: artifacts]
[2026-06-20 04:09:24,708: INFO: model_evaluation_mlflow: Loading model from: C:\Users\LENOVO\Kidney-Disease-Classification-DL-Project-DVC\artifacts\training\trained_model.h5]
[2026-06-20 04:09:24,710: INFO: model_evaluation_mlflow: Model file size: 59,551,336 bytes]
[2026-06-20 04:09:24,943: INFO: model_evaluation_mlflow: Model weights loaded successfully!]
[2026-06-20 04:09:24,949: INFO: model_evaluation_mlflow: Model loaded and compiled!]
[2026-06-20 04:09:43,249: INFO: model_evaluation_mlflow: Loss: 0.0, Accuracy: 1.0]
[2026-06-20 04:09:44,068: INFO: _client: HTTP Request: GET https://dagshub.com/api/v1/repos/Anshika102005/Kidney-Disease-Classification-DL-Project-DVC "HTTP/1.1 200 OK"]
[2026-06-20 04:09:44,073: INFO: helpers: Initialized MLflow to track repo "Anshika102005/Kidney-Disease-Classification-DL-Project-DVC"]
[2026-06-20 04:09:44,076: INFO: helpers: Repository Anshika102005/Kidney-Disease-Classification-DL-Project-DVC initialized!]
[2026-06-20 04:09:45,295: ERROR: model_evaluation_mlflow: ❌ MLflow logging failed: API request to endpoint /api/2.0/mlflow/experiments/create failed with error code 403 != 200. Response body: '']
[2026-06-20 04:10:14,264: INFO: common: yaml file: C:\Users\LENOVO\Kidney-Disease-Classification-DL-Project-DVC\config\config.yaml loaded successfully]
[2026-06-20 04:10:14,267: INFO: common: yaml file: C:\Users\LENOVO\Kidney-Disease-Classification-DL-Project-DVC\params.yaml loaded successfully]
[2026-06-20 04:10:14,269: INFO: common: created directory at: artifacts]
[2026-06-20 04:10:17,347: INFO: _client: HTTP Request: GET https://dagshub.com/api/v1/repos/Anshika102005/Kidney-Disease-Classification-DL-Project-DVC "HTTP/1.1 200 OK"]
[2026-06-20 04:10:17,355: INFO: helpers: Initialized MLflow to track repo "Anshika102005/Kidney-Disease-Classification-DL-Project-DVC"]
[2026-06-20 04:10:17,358: INFO: helpers: Repository Anshika102005/Kidney-Disease-Classification-DL-Project-DVC initialized!]
[2026-06-20 04:10:25,306: INFO: common: yaml file: C:\Users\LENOVO\Kidney-Disease-Classification-DL-Project-DVC\config\config.yaml loaded successfully]
[2026-06-20 04:10:25,309: INFO: common: yaml file: C:\Users\LENOVO\Kidney-Disease-Classification-DL-Project-DVC\params.yaml loaded successfully]
[2026-06-20 04:10:25,312: INFO: common: created directory at: artifacts]
[2026-06-20 04:10:31,720: INFO: common: yaml file: C:\Users\LENOVO\Kidney-Disease-Classification-DL-Project-DVC\config\config.yaml loaded successfully]
[2026-06-20 04:10:31,723: INFO: common: yaml file: C:\Users\LENOVO\Kidney-Disease-Classification-DL-Project-DVC\params.yaml loaded successfully]
[2026-06-20 04:10:31,725: INFO: common: created directory at: artifacts]
[2026-06-20 04:10:45,696: INFO: _client: HTTP Request: GET https://dagshub.com/api/v1/repos/Anshika102005/Kidney-Disease-Classification-DL-Project-DVC "HTTP/1.1 200 OK"]
[2026-06-20 04:10:45,702: INFO: helpers: Initialized MLflow to track repo "Anshika102005/Kidney-Disease-Classification-DL-Project-DVC"]
[2026-06-20 04:10:45,705: INFO: helpers: Repository Anshika102005/Kidney-Disease-Classification-DL-Project-DVC initialized!]
[2026-06-20 04:10:51,397: INFO: common: yaml file: C:\Users\LENOVO\Kidney-Disease-Classification-DL-Project-DVC\config\config.yaml loaded successfully]
[2026-06-20 04:10:51,400: INFO: common: yaml file: C:\Users\LENOVO\Kidney-Disease-Classification-DL-Project-DVC\params.yaml loaded successfully]
[2026-06-20 04:10:51,401: INFO: common: created directory at: artifacts]
[2026-06-20 04:10:51,403: INFO: model_evaluation_mlflow: Loading model from: C:\Users\LENOVO\Kidney-Disease-Classification-DL-Project-DVC\artifacts\training\trained_model.h5]
[2026-06-20 04:10:51,405: INFO: model_evaluation_mlflow: Model file size: 59,551,336 bytes]
[2026-06-20 04:10:51,653: INFO: model_evaluation_mlflow: Model weights loaded successfully!]
[2026-06-20 04:10:51,659: INFO: model_evaluation_mlflow: Model loaded and compiled!]
[2026-06-20 04:11:08,971: INFO: model_evaluation_mlflow: Loss: 0.0, Accuracy: 1.0]
[2026-06-20 04:11:09,840: INFO: _client: HTTP Request: GET https://dagshub.com/api/v1/repos/Anshika102005/Kidney-Disease-Classification-DL-Project-DVC "HTTP/1.1 200 OK"]
[2026-06-20 04:11:09,845: INFO: helpers: Initialized MLflow to track repo "Anshika102005/Kidney-Disease-Classification-DL-Project-DVC"]
[2026-06-20 04:11:09,847: INFO: helpers: Repository Anshika102005/Kidney-Disease-Classification-DL-Project-DVC initialized!]
[2026-06-20 04:11:10,465: ERROR: model_evaluation_mlflow: ❌ MLflow logging failed: API request to endpoint /api/2.0/mlflow/experiments/create failed with error code 403 != 200. Response body: '']
[2026-06-20 04:13:39,734: INFO: model_evaluation_mlflow: Loading model from: C:\Users\LENOVO\Kidney-Disease-Classification-DL-Project-DVC\artifacts\training\trained_model.h5]
[2026-06-20 04:13:39,738: INFO: model_evaluation_mlflow: Model file size: 59,551,336 bytes]
[2026-06-20 04:13:39,971: INFO: model_evaluation_mlflow: Model weights loaded successfully!]
[2026-06-20 04:13:39,976: INFO: model_evaluation_mlflow: Model loaded and compiled!]
[2026-06-20 04:13:56,140: INFO: model_evaluation_mlflow: Loss: 0.0, Accuracy: 1.0]
[2026-06-20 04:13:56,141: INFO: model_evaluation_mlflow: MLflow Tracking URI: https://dagshub.com/Anshika102005/Kidney-Disease-Classification-DL-Project-DVC.mlflow]
[2026-06-20 04:13:57,706: INFO: model_evaluation_mlflow: Experiment set: Kidney-Disease-Classification]
[2026-06-20 04:13:57,707: INFO: model_evaluation_mlflow: Starting MLflow run: kidney-experiment_2026-06-20_04-13-57]
[2026-06-20 04:13:59,390: ERROR: model_evaluation_mlflow: ❌ MLflow logging failed: module 'mlflow' has no attribute 'keras']
[2026-06-20 04:14:15,251: INFO: common: yaml file: C:\Users\LENOVO\Kidney-Disease-Classification-DL-Project-DVC\config\config.yaml loaded successfully]
[2026-06-20 04:14:15,254: INFO: common: yaml file: C:\Users\LENOVO\Kidney-Disease-Classification-DL-Project-DVC\params.yaml loaded successfully]
[2026-06-20 04:14:15,257: INFO: common: created directory at: artifacts]
[2026-06-20 04:14:15,258: INFO: model_evaluation_mlflow: Loading model from: C:\Users\LENOVO\Kidney-Disease-Classification-DL-Project-DVC\artifacts\training\trained_model.h5]
[2026-06-20 04:14:15,260: INFO: model_evaluation_mlflow: Model file size: 59,551,336 bytes]
[2026-06-20 04:14:15,501: INFO: model_evaluation_mlflow: Model weights loaded successfully!]
[2026-06-20 04:14:15,506: INFO: model_evaluation_mlflow: Model loaded and compiled!]
[2026-06-20 04:14:33,560: INFO: model_evaluation_mlflow: Loss: 0.0, Accuracy: 1.0]
[2026-06-20 04:14:33,561: INFO: model_evaluation_mlflow: MLflow Tracking URI: https://dagshub.com/Anshika102005/Kidney-Disease-Classification-DL-Project-DVC.mlflow]
[2026-06-20 04:14:33,928: INFO: model_evaluation_mlflow: Experiment set: Kidney-Disease-Classification]
[2026-06-20 04:14:33,929: INFO: model_evaluation_mlflow: Starting MLflow run: kidney-experiment_2026-06-20_04-14-33]
[2026-06-20 04:14:35,400: ERROR: model_evaluation_mlflow: ❌ MLflow logging failed: module 'mlflow' has no attribute 'keras']
[2026-06-20 04:14:54,508: INFO: model_evaluation_mlflow: Loading model from: C:\Users\LENOVO\Kidney-Disease-Classification-DL-Project-DVC\artifacts\training\trained_model.h5]
[2026-06-20 04:14:54,510: INFO: model_evaluation_mlflow: Model file size: 59,551,336 bytes]
[2026-06-20 04:14:54,735: INFO: model_evaluation_mlflow: Model weights loaded successfully!]
[2026-06-20 04:14:54,740: INFO: model_evaluation_mlflow: Model loaded and compiled!]
[2026-06-20 04:15:13,188: INFO: model_evaluation_mlflow: Loss: 0.0, Accuracy: 1.0]
[2026-06-20 04:15:13,190: INFO: model_evaluation_mlflow: Loading model from: C:\Users\LENOVO\Kidney-Disease-Classification-DL-Project-DVC\artifacts\training\trained_model.h5]
[2026-06-20 04:15:13,191: INFO: model_evaluation_mlflow: Model file size: 59,551,336 bytes]
[2026-06-20 04:15:13,426: INFO: model_evaluation_mlflow: Model weights loaded successfully!]
[2026-06-20 04:15:13,435: INFO: model_evaluation_mlflow: Model loaded and compiled!]
[2026-06-20 04:15:29,312: INFO: model_evaluation_mlflow: Loss: 0.0, Accuracy: 1.0]
[2026-06-20 04:15:29,313: INFO: model_evaluation_mlflow: MLflow Tracking URI: https://dagshub.com/Anshika102005/Kidney-Disease-Classification-DL-Project-DVC.mlflow]
[2026-06-20 04:15:29,636: INFO: model_evaluation_mlflow: Experiment set: Kidney-Disease-Classification]
[2026-06-20 04:15:29,636: INFO: model_evaluation_mlflow: Starting MLflow run: kidney-experiment_2026-06-20_04-15-29]
[2026-06-20 04:15:31,980: WARNING: save: Found untraced functions such as _jit_compiled_convolution_op, _jit_compiled_convolution_op, _jit_compiled_convolution_op, _jit_compiled_convolution_op, _jit_compiled_convolution_op while saving (showing 5 of 14). These functions will not be directly callable after loading.]
[2026-06-20 04:15:32,653: INFO: builder_impl: Assets written to: C:\Users\LENOVO\AppData\Local\Temp\tmp99c8gzdh\model\data\model\assets]
[2026-06-20 04:16:34,323: INFO: model_evaluation_mlflow: Run ID: efdbebcde61143ec96aec89368eb296d]
[2026-06-20 04:16:34,324: INFO: model_evaluation_mlflow: Run Name: kidney-experiment_2026-06-20_04-15-29]
[2026-06-20 04:16:34,325: INFO: model_evaluation_mlflow: Experiment ID: 1]
[2026-06-20 04:16:34,327: INFO: model_evaluation_mlflow: Scores saved to C:\Users\LENOVO\Kidney-Disease-Classification-DL-Project-DVC\scores.json]
[2026-06-20 04:16:34,661: INFO: model_evaluation_mlflow: ✅ MLflow logging successful!]
[2026-06-23 03:31:13,498: INFO: common: yaml file: C:\Users\LENOVO\Kidney-Disease-Classification-DL-Project-DVC\config\config.yaml loaded successfully]
[2026-06-23 03:31:13,503: INFO: common: yaml file: C:\Users\LENOVO\Kidney-Disease-Classification-DL-Project-DVC\params.yaml loaded successfully]
[2026-06-23 03:31:13,505: INFO: common: created directory at: artifacts]
[2026-06-23 03:31:46,345: INFO: _client: HTTP Request: GET https://dagshub.com/api/v1/user "HTTP/1.1 200 OK"]
[2026-06-23 03:31:46,366: INFO: helpers: Accessing as sahuanshika010]
[2026-06-23 03:31:47,344: INFO: _client: HTTP Request: GET https://dagshub.com/api/v1/repos/Anshika102005/Kidney-Disease-Classification-DL-Project-DVC "HTTP/1.1 200 OK"]
[2026-06-23 03:31:48,241: INFO: _client: HTTP Request: GET https://dagshub.com/api/v1/user "HTTP/1.1 200 OK"]
[2026-06-23 03:31:48,249: INFO: helpers: Initialized MLflow to track repo "Anshika102005/Kidney-Disease-Classification-DL-Project-DVC"]
[2026-06-23 03:31:48,253: INFO: helpers: Repository Anshika102005/Kidney-Disease-Classification-DL-Project-DVC initialized!]
[2026-06-23 03:31:48,325: INFO: common: yaml file: C:\Users\LENOVO\Kidney-Disease-Classification-DL-Project-DVC\config\config.yaml loaded successfully]
[2026-06-23 03:31:48,330: INFO: common: yaml file: C:\Users\LENOVO\Kidney-Disease-Classification-DL-Project-DVC\params.yaml loaded successfully]
[2026-06-23 03:31:48,332: INFO: common: created directory at: artifacts]
[2026-06-23 03:33:01,064: INFO: common: yaml file: C:\Users\LENOVO\Kidney-Disease-Classification-DL-Project-DVC\config\config.yaml loaded successfully]
[2026-06-23 03:33:01,067: INFO: common: yaml file: C:\Users\LENOVO\Kidney-Disease-Classification-DL-Project-DVC\params.yaml loaded successfully]
[2026-06-23 03:33:01,069: INFO: common: created directory at: artifacts]
[2026-06-23 03:33:09,557: INFO: _client: HTTP Request: GET https://dagshub.com/api/v1/repos/Anshika102005/Kidney-Disease-Classification-DL-Project-DVC "HTTP/1.1 200 OK"]
[2026-06-23 03:33:09,561: INFO: helpers: Initialized MLflow to track repo "Anshika102005/Kidney-Disease-Classification-DL-Project-DVC"]
[2026-06-23 03:33:09,564: INFO: helpers: Repository Anshika102005/Kidney-Disease-Classification-DL-Project-DVC initialized!]
[2026-06-23 03:33:18,287: INFO: common: yaml file: C:\Users\LENOVO\Kidney-Disease-Classification-DL-Project-DVC\config\config.yaml loaded successfully]
[2026-06-23 03:33:18,290: INFO: common: yaml file: C:\Users\LENOVO\Kidney-Disease-Classification-DL-Project-DVC\params.yaml loaded successfully]
[2026-06-23 03:33:18,291: INFO: common: created directory at: artifacts]
[2026-06-23 03:33:18,292: INFO: model_evaluation_mlflow: Loading model from: C:\Users\LENOVO\Kidney-Disease-Classification-DL-Project-DVC\artifacts\training\trained_model.h5]
[2026-06-23 03:33:18,293: INFO: model_evaluation_mlflow: Model file size: 59,551,336 bytes]
[2026-06-23 03:33:18,687: INFO: model_evaluation_mlflow: Model weights loaded successfully!]
[2026-06-23 03:33:18,694: INFO: model_evaluation_mlflow: Model loaded and compiled!]
[2026-06-23 03:33:34,090: INFO: model_evaluation_mlflow: Loss: 0.0, Accuracy: 1.0]
[2026-06-23 03:33:34,091: INFO: model_evaluation_mlflow: MLflow Tracking URI: https://dagshub.com/Anshika102005/Kidney-Disease-Classification-DL-Project-DVC.mlflow]
[2026-06-23 03:33:35,113: INFO: model_evaluation_mlflow: Experiment set: Kidney-Disease-Classification]
[2026-06-23 03:33:35,114: INFO: model_evaluation_mlflow: Starting MLflow run: kidney-experiment_2026-06-23_03-33-35]
[2026-06-23 03:33:36,801: ERROR: model_evaluation_mlflow: ❌ MLflow logging failed: module 'mlflow' has no attribute 'keras']
[2026-06-23 03:33:50,703: INFO: model_evaluation_mlflow: Loading model from: C:\Users\LENOVO\Kidney-Disease-Classification-DL-Project-DVC\artifacts\training\trained_model.h5]
[2026-06-23 03:33:50,704: INFO: model_evaluation_mlflow: Model file size: 59,551,336 bytes]
[2026-06-23 03:33:50,924: INFO: model_evaluation_mlflow: Model weights loaded successfully!]
[2026-06-23 03:33:50,928: INFO: model_evaluation_mlflow: Model loaded and compiled!]
[2026-06-23 03:34:05,670: INFO: model_evaluation_mlflow: Loss: 0.0, Accuracy: 1.0]
[2026-06-23 03:34:05,671: INFO: model_evaluation_mlflow: Loading model from: C:\Users\LENOVO\Kidney-Disease-Classification-DL-Project-DVC\artifacts\training\trained_model.h5]
[2026-06-23 03:34:05,672: INFO: model_evaluation_mlflow: Model file size: 59,551,336 bytes]
[2026-06-23 03:34:05,911: INFO: model_evaluation_mlflow: Model weights loaded successfully!]
[2026-06-23 03:34:05,920: INFO: model_evaluation_mlflow: Model loaded and compiled!]
[2026-06-23 03:34:20,370: INFO: model_evaluation_mlflow: Loss: 0.0, Accuracy: 1.0]
[2026-06-23 03:34:20,371: INFO: model_evaluation_mlflow: MLflow Tracking URI: https://dagshub.com/Anshika102005/Kidney-Disease-Classification-DL-Project-DVC.mlflow]
[2026-06-23 03:34:20,691: INFO: model_evaluation_mlflow: Experiment set: Kidney-Disease-Classification]
[2026-06-23 03:34:20,693: INFO: model_evaluation_mlflow: Starting MLflow run: kidney-experiment_2026-06-23_03-34-20]
[2026-06-23 03:34:22,850: WARNING: save: Found untraced functions such as _jit_compiled_convolution_op, _jit_compiled_convolution_op, _jit_compiled_convolution_op, _jit_compiled_convolution_op, _jit_compiled_convolution_op while saving (showing 5 of 14). These functions will not be directly callable after loading.]
[2026-06-23 03:34:23,299: INFO: builder_impl: Assets written to: C:\Users\LENOVO\AppData\Local\Temp\tmpvhel5h27\model\data\model\assets]
[2026-06-23 03:35:33,099: INFO: model_evaluation_mlflow: Run ID: 16658c4011494d98a7f581f60ee457bf]
[2026-06-23 03:35:33,099: INFO: model_evaluation_mlflow: Run Name: kidney-experiment_2026-06-23_03-34-20]
[2026-06-23 03:35:33,101: INFO: model_evaluation_mlflow: Experiment ID: 1]
[2026-06-23 03:35:33,103: INFO: model_evaluation_mlflow: Scores saved to C:\Users\LENOVO\Kidney-Disease-Classification-DL-Project-DVC\scores.json]
[2026-06-23 03:35:33,444: INFO: model_evaluation_mlflow: ✅ MLflow logging successful!]
[2026-06-23 04:35:03,869: INFO: common: yaml file: C:\Users\LENOVO\Kidney-Disease-Classification-DL-Project-DVC\config\config.yaml loaded successfully]
[2026-06-23 04:35:03,873: INFO: common: yaml file: C:\Users\LENOVO\Kidney-Disease-Classification-DL-Project-DVC\params.yaml loaded successfully]
[2026-06-23 04:35:03,874: INFO: common: created directory at: artifacts]
[2026-06-23 04:35:07,977: INFO: model_evaluation_mlflow: Loading model from: artifacts\training\trained_model.h5]
[2026-06-23 04:35:07,978: INFO: model_evaluation_mlflow: Model file size: 59,551,336 bytes]
[2026-06-23 04:35:08,549: INFO: model_evaluation_mlflow: Model weights loaded successfully!]
[2026-06-23 04:35:08,559: INFO: model_evaluation_mlflow: Model loaded and compiled!]
[2026-06-23 04:35:24,793: INFO: model_evaluation_mlflow: Loss: 0.0, Accuracy: 1.0]
[2026-06-23 04:38:00,958: INFO: model_evaluation_mlflow: MLflow Tracking URI: https://dagshub.com/Anshika102005/Kidney-Disease-Classification-DL-Project-DVC.mlflow]
[2026-06-23 04:38:02,416: INFO: model_evaluation_mlflow: Experiment set: Kidney-Disease-Classification]
[2026-06-23 04:38:02,418: INFO: model_evaluation_mlflow: Starting MLflow run: kidney-experiment_2026-06-23_04-38-02]
[2026-06-23 04:38:04,478: ERROR: model_evaluation_mlflow: ❌ MLflow logging failed: module 'mlflow' has no attribute 'keras']
[2026-06-23 04:42:22,802: INFO: common: yaml file: C:\Users\LENOVO\Kidney-Disease-Classification-DL-Project-DVC\config\config.yaml loaded successfully]
[2026-06-23 04:42:22,804: INFO: common: yaml file: C:\Users\LENOVO\Kidney-Disease-Classification-DL-Project-DVC\params.yaml loaded successfully]
[2026-06-23 04:42:22,805: INFO: common: created directory at: artifacts]
[2026-06-23 04:42:23,663: INFO: model_evaluation_mlflow: Loading model from: artifacts\training\trained_model.h5]
[2026-06-23 04:42:23,664: INFO: model_evaluation_mlflow: Model file size: 59,551,336 bytes]
[2026-06-23 04:42:23,946: INFO: model_evaluation_mlflow: Model weights loaded successfully!]
[2026-06-23 04:42:23,955: INFO: model_evaluation_mlflow: Model loaded and compiled!]
[2026-06-23 04:42:39,307: INFO: model_evaluation_mlflow: Loss: 0.0, Accuracy: 1.0]
[2026-06-23 04:42:41,104: INFO: model_evaluation_mlflow: MLflow Tracking URI: https://dagshub.com/Anshika102005/Kidney-Disease-Classification-DL-Project-DVC.mlflow]
[2026-06-23 04:42:42,259: INFO: model_evaluation_mlflow: Experiment set: Kidney-Disease-Classification]
[2026-06-23 04:42:42,261: INFO: model_evaluation_mlflow: Starting MLflow run: kidney-experiment_2026-06-23_04-42-42]
[2026-06-23 04:42:44,758: WARNING: save: Found untraced functions such as _jit_compiled_convolution_op, _jit_compiled_convolution_op, _jit_compiled_convolution_op, _jit_compiled_convolution_op, _jit_compiled_convolution_op while saving (showing 5 of 14). These functions will not be directly callable after loading.]
[2026-06-23 04:42:45,293: INFO: builder_impl: Assets written to: C:\Users\LENOVO\AppData\Local\Temp\tmp8eq3139w\model\data\model\assets]
[2026-06-23 04:43:45,677: INFO: model_evaluation_mlflow: Run ID: d6576876b1ff4d6d8dec759cf7f00b7d]
[2026-06-23 04:43:45,680: INFO: model_evaluation_mlflow: Run Name: kidney-experiment_2026-06-23_04-42-42]
[2026-06-23 04:43:45,682: INFO: model_evaluation_mlflow: Experiment ID: 1]
[2026-06-23 04:43:45,718: INFO: model_evaluation_mlflow: Scores saved to C:\Users\LENOVO\Kidney-Disease-Classification-DL-Project-DVC\scores.json]
[2026-06-23 04:43:46,157: INFO: model_evaluation_mlflow: ✅ MLflow logging successful!]
[2026-06-23 04:50:38,204: INFO: main: >>>>>> stage Data Ingestion stage started <<<<<<]
[2026-06-23 04:50:38,206: INFO: common: yaml file: C:\Users\LENOVO\Kidney-Disease-Classification-DL-Project-DVC\config\config.yaml loaded successfully]
[2026-06-23 04:50:38,207: INFO: common: yaml file: C:\Users\LENOVO\Kidney-Disease-Classification-DL-Project-DVC\params.yaml loaded successfully]
[2026-06-23 04:50:38,208: INFO: common: created directory at: artifacts]
[2026-06-23 04:50:38,208: INFO: common: created directory at: artifacts/data_ingestion]
[2026-06-23 04:50:38,208: INFO: data_ingestion: Copying data from C:\Users\LENOVO\Kidney-Disease-Classification-DL-Project-DVC\kidney.zip to artifacts\data_ingestion\data.zip]
[2026-06-23 04:50:38,208: INFO: data_ingestion: File already exists at: artifacts\data_ingestion\data.zip]
[2026-06-23 04:50:38,209: INFO: data_ingestion: Extracting artifacts\data_ingestion\data.zip to artifacts\data_ingestion]
[2026-06-23 04:50:39,291: INFO: data_ingestion: Extraction completed successfully!]
[2026-06-23 04:50:39,291: INFO: main: >>>>>> stage Data Ingestion stage completed <<<<<<

x==========x]
[2026-06-23 04:50:39,292: INFO: main: *******************]
[2026-06-23 04:50:39,292: INFO: main: >>>>>> stage Prepare base model started <<<<<<]
[2026-06-23 04:50:39,293: INFO: common: yaml file: C:\Users\LENOVO\Kidney-Disease-Classification-DL-Project-DVC\config\config.yaml loaded successfully]
[2026-06-23 04:50:39,294: INFO: common: yaml file: C:\Users\LENOVO\Kidney-Disease-Classification-DL-Project-DVC\params.yaml loaded successfully]
[2026-06-23 04:50:39,295: INFO: common: created directory at: artifacts]
[2026-06-23 04:50:39,295: INFO: common: created directory at: artifacts/prepare_base_model]
[2026-06-23 04:50:40,889: INFO: main: >>>>>> stage Prepare base model completed <<<<<<

x==========x]
[2026-06-23 04:50:40,889: INFO: main: *******************]
[2026-06-23 04:50:40,889: INFO: main: >>>>>> stage Training started <<<<<<]
[2026-06-23 04:50:40,891: INFO: common: yaml file: C:\Users\LENOVO\Kidney-Disease-Classification-DL-Project-DVC\config\config.yaml loaded successfully]
[2026-06-23 04:50:40,893: INFO: common: yaml file: C:\Users\LENOVO\Kidney-Disease-Classification-DL-Project-DVC\params.yaml loaded successfully]
[2026-06-23 04:50:40,893: INFO: common: created directory at: artifacts]
[2026-06-23 04:50:40,894: INFO: common: created directory at: artifacts\training]
[2026-06-23 04:59:34,999: INFO: main: >>>>>> stage Training completed <<<<<<

x==========x]
[2026-06-23 04:59:35,000: INFO: main: *******************]
[2026-06-23 04:59:35,000: INFO: main: >>>>>> stage Evaluation stage started <<<<<<]
[2026-06-23 04:59:35,005: INFO: common: yaml file: C:\Users\LENOVO\Kidney-Disease-Classification-DL-Project-DVC\config\config.yaml loaded successfully]
[2026-06-23 04:59:35,008: INFO: common: yaml file: C:\Users\LENOVO\Kidney-Disease-Classification-DL-Project-DVC\params.yaml loaded successfully]
[2026-06-23 04:59:35,010: INFO: common: created directory at: artifacts]
[2026-06-23 04:59:35,011: INFO: model_evaluation_mlflow: Loading model from: artifacts\training\trained_model.h5]
[2026-06-23 04:59:35,012: INFO: model_evaluation_mlflow: Model file size: 59,551,336 bytes]
[2026-06-23 04:59:35,374: INFO: model_evaluation_mlflow: Model weights loaded successfully!]
[2026-06-23 04:59:35,387: INFO: model_evaluation_mlflow: Model loaded and compiled!]
[2026-06-23 05:00:18,661: INFO: model_evaluation_mlflow: Loss: 0.0, Accuracy: 1.0]
[2026-06-23 05:00:18,665: INFO: model_evaluation_mlflow: MLflow Tracking URI: https://dagshub.com/Anshika102005/Kidney-Disease-Classification-DL-Project-DVC.mlflow]
[2026-06-23 05:00:19,882: INFO: model_evaluation_mlflow: Experiment set: Kidney-Disease-Classification]
[2026-06-23 05:00:19,883: INFO: model_evaluation_mlflow: Starting MLflow run: kidney-experiment_2026-06-23_05-00-19]
[2026-06-23 05:01:36,684: INFO: model_evaluation_mlflow: Run ID: 30e7d5fde8f94074bd88934dc80f0866]
[2026-06-23 05:01:36,685: INFO: model_evaluation_mlflow: Run Name: kidney-experiment_2026-06-23_05-00-19]
[2026-06-23 05:01:36,687: INFO: model_evaluation_mlflow: Experiment ID: 1]
[2026-06-23 05:01:36,691: INFO: model_evaluation_mlflow: Scores saved to C:\Users\LENOVO\Kidney-Disease-Classification-DL-Project-DVC\scores.json]
[2026-06-23 05:01:38,103: INFO: main: >>>>>> stage Evaluation stage completed <<<<<<

x==========x]
[2026-06-24 01:57:41,832: INFO: main: >>>>>> stage Data Ingestion stage started <<<<<<]
[2026-06-24 01:57:41,839: INFO: common: yaml file: C:\Users\LENOVO\Kidney-Disease-Classification-DL-Project-DVC\config\config.yaml loaded successfully]
[2026-06-24 01:57:41,845: INFO: common: yaml file: C:\Users\LENOVO\Kidney-Disease-Classification-DL-Project-DVC\params.yaml loaded successfully]
[2026-06-24 01:57:41,848: INFO: common: created directory at: artifacts]
[2026-06-24 01:57:41,849: INFO: common: created directory at: artifacts/data_ingestion]
[2026-06-24 01:57:41,850: INFO: data_ingestion: Copying data from C:\Users\LENOVO\Kidney-Disease-Classification-DL-Project-DVC\kidney.zip to artifacts\data_ingestion\data.zip]
[2026-06-24 01:57:41,850: INFO: data_ingestion: File already exists at: artifacts\data_ingestion\data.zip]
[2026-06-24 01:57:41,858: INFO: data_ingestion: Extracting artifacts\data_ingestion\data.zip to artifacts\data_ingestion]
[2026-06-24 01:57:44,512: INFO: data_ingestion: Extraction completed successfully!]
[2026-06-24 01:57:44,513: INFO: main: >>>>>> stage Data Ingestion stage completed <<<<<<

x==========x]
[2026-06-24 01:57:44,513: INFO: main: *******************]
[2026-06-24 01:57:44,514: INFO: main: >>>>>> stage Prepare base model started <<<<<<]
[2026-06-24 01:57:44,517: INFO: common: yaml file: C:\Users\LENOVO\Kidney-Disease-Classification-DL-Project-DVC\config\config.yaml loaded successfully]
[2026-06-24 01:57:44,519: INFO: common: yaml file: C:\Users\LENOVO\Kidney-Disease-Classification-DL-Project-DVC\params.yaml loaded successfully]
[2026-06-24 01:57:44,525: INFO: common: created directory at: artifacts]
[2026-06-24 01:57:44,530: INFO: common: created directory at: artifacts/prepare_base_model]
[2026-06-24 01:57:47,717: INFO: main: >>>>>> stage Prepare base model completed <<<<<<

x==========x]
[2026-06-24 01:57:47,718: INFO: main: *******************]
[2026-06-24 01:57:47,718: INFO: main: >>>>>> stage Training started <<<<<<]
[2026-06-24 01:57:47,723: INFO: common: yaml file: C:\Users\LENOVO\Kidney-Disease-Classification-DL-Project-DVC\config\config.yaml loaded successfully]
[2026-06-24 01:57:47,726: INFO: common: yaml file: C:\Users\LENOVO\Kidney-Disease-Classification-DL-Project-DVC\params.yaml loaded successfully]
[2026-06-24 01:57:47,729: INFO: common: created directory at: artifacts]
[2026-06-24 01:57:47,731: INFO: common: created directory at: artifacts\training]
[2026-06-24 02:20:51,778: INFO: main: >>>>>> stage Training completed <<<<<<

x==========x]
[2026-06-24 02:20:51,782: INFO: main: *******************]
[2026-06-24 02:20:51,782: INFO: main: >>>>>> stage Evaluation stage started <<<<<<]
[2026-06-24 02:20:51,788: INFO: common: yaml file: C:\Users\LENOVO\Kidney-Disease-Classification-DL-Project-DVC\config\config.yaml loaded successfully]
[2026-06-24 02:20:51,792: INFO: common: yaml file: C:\Users\LENOVO\Kidney-Disease-Classification-DL-Project-DVC\params.yaml loaded successfully]
[2026-06-24 02:20:51,797: INFO: common: created directory at: artifacts]
[2026-06-24 02:20:51,802: INFO: model_evaluation_mlflow: Loading model from: artifacts\training\trained_model.h5]
[2026-06-24 02:20:51,807: INFO: model_evaluation_mlflow: Model file size: 59,551,336 bytes]
[2026-06-24 02:20:52,390: ERROR: model_evaluation_mlflow: Failed to load weights: Shape mismatch in layer #13 (named dense_1)for weight dense_1/kernel. Weight expects shape (512, 2). Received saved weight with shape (25088, 2)]
[2026-06-24 02:20:52,390: ERROR: main: Shape mismatch in layer #13 (named dense_1)for weight dense_1/kernel. Weight expects shape (512, 2). Received saved weight with shape (25088, 2)]
Traceback (most recent call last):
  File "C:\Users\LENOVO\Kidney-Disease-Classification-DL-Project-DVC\main.py", line 59, in <module>
    model_trainer.main()
    ~~~~~~~~~~~~~~~~~~^^
  File "C:\Users\LENOVO\Kidney-Disease-Classification-DL-Project-DVC\src\cnnClassifier\pipeline\stage_04_evaluation.py", line 21, in main
    evaluation.evaluation()
    ~~~~~~~~~~~~~~~~~~~~~^^
  File "C:\Users\LENOVO\Kidney-Disease-Classification-DL-Project-DVC\src\cnnClassifier\components\model_evaluation_mlflow.py", line 74, in evaluation
    self.model = self.load_model(path)
                 ~~~~~~~~~~~~~~~^^^^^^
  File "C:\Users\LENOVO\Kidney-Disease-Classification-DL-Project-DVC\src\cnnClassifier\components\model_evaluation_mlflow.py", line 62, in load_model
    model.load_weights(path)
    ~~~~~~~~~~~~~~~~~~^^^^^^
  File "D:\Software\Anaconda\Lib\site-packages\keras\src\utils\traceback_utils.py", line 122, in error_handler
    raise e.with_traceback(filtered_tb) from None
  File "D:\Software\Anaconda\Lib\site-packages\keras\src\legacy\saving\legacy_h5_format.py", line 460, in _set_weights
    raise ValueError(
    ...<5 lines>...
    )
ValueError: Shape mismatch in layer #13 (named dense_1)for weight dense_1/kernel. Weight expects shape (512, 2). Received saved weight with shape (25088, 2)
[2026-06-24 02:57:53,651: INFO: main: >>>>>> stage Data Ingestion stage started <<<<<<]
[2026-06-24 02:57:53,653: INFO: common: yaml file: C:\Users\LENOVO\Kidney-Disease-Classification-DL-Project-DVC\config\config.yaml loaded successfully]
[2026-06-24 02:57:53,655: INFO: common: yaml file: C:\Users\LENOVO\Kidney-Disease-Classification-DL-Project-DVC\params.yaml loaded successfully]
[2026-06-24 02:57:53,655: INFO: common: created directory at: artifacts]
[2026-06-24 02:57:53,656: INFO: common: created directory at: artifacts/data_ingestion]
[2026-06-24 02:57:53,656: INFO: data_ingestion: Copying data from C:\Users\LENOVO\Kidney-Disease-Classification-DL-Project-DVC\kidney.zip to artifacts\data_ingestion\data.zip]
[2026-06-24 02:57:53,656: INFO: data_ingestion: File already exists at: artifacts\data_ingestion\data.zip]
[2026-06-24 02:57:53,658: INFO: data_ingestion: Extracting artifacts\data_ingestion\data.zip to artifacts\data_ingestion]
[2026-06-24 02:57:55,759: INFO: data_ingestion: Extraction completed successfully!]
[2026-06-24 02:57:55,760: INFO: main: >>>>>> stage Data Ingestion stage completed <<<<<<

x==========x]
[2026-06-24 02:57:55,760: INFO: main: *******************]
[2026-06-24 02:57:55,760: INFO: main: >>>>>> stage Prepare base model started <<<<<<]
[2026-06-24 02:57:55,762: INFO: common: yaml file: C:\Users\LENOVO\Kidney-Disease-Classification-DL-Project-DVC\config\config.yaml loaded successfully]
[2026-06-24 02:57:55,764: INFO: common: yaml file: C:\Users\LENOVO\Kidney-Disease-Classification-DL-Project-DVC\params.yaml loaded successfully]
[2026-06-24 02:57:55,765: INFO: common: created directory at: artifacts]
[2026-06-24 02:57:55,766: INFO: common: created directory at: artifacts/prepare_base_model]
[2026-06-24 02:57:58,050: INFO: main: >>>>>> stage Prepare base model completed <<<<<<

x==========x]
[2026-06-24 02:57:58,051: INFO: main: *******************]
[2026-06-24 02:57:58,051: INFO: main: >>>>>> stage Training started <<<<<<]
[2026-06-24 02:57:58,053: INFO: common: yaml file: C:\Users\LENOVO\Kidney-Disease-Classification-DL-Project-DVC\config\config.yaml loaded successfully]
[2026-06-24 02:57:58,056: INFO: common: yaml file: C:\Users\LENOVO\Kidney-Disease-Classification-DL-Project-DVC\params.yaml loaded successfully]
[2026-06-24 02:57:58,057: INFO: common: created directory at: artifacts]
[2026-06-24 02:57:58,058: INFO: common: created directory at: artifacts\training]
[2026-06-24 03:22:14,719: INFO: main: >>>>>> stage Training completed <<<<<<

x==========x]
[2026-06-24 03:22:14,721: INFO: main: *******************]
[2026-06-24 03:22:14,721: INFO: main: >>>>>> stage Evaluation stage started <<<<<<]
[2026-06-24 03:22:14,729: INFO: common: yaml file: C:\Users\LENOVO\Kidney-Disease-Classification-DL-Project-DVC\config\config.yaml loaded successfully]
[2026-06-24 03:22:14,738: INFO: common: yaml file: C:\Users\LENOVO\Kidney-Disease-Classification-DL-Project-DVC\params.yaml loaded successfully]
[2026-06-24 03:22:14,740: INFO: common: created directory at: artifacts]
[2026-06-24 03:22:14,742: INFO: model_evaluation_mlflow: Loading model from: artifacts\training\trained_model.h5]
[2026-06-24 03:22:14,743: INFO: model_evaluation_mlflow: Model file size: 59,551,336 bytes]
[2026-06-24 03:22:15,182: ERROR: model_evaluation_mlflow: Failed to load weights: Shape mismatch in layer #13 (named dense_1)for weight dense_1/kernel. Weight expects shape (512, 2). Received saved weight with shape (25088, 2)]
[2026-06-24 03:22:15,182: ERROR: main: Shape mismatch in layer #13 (named dense_1)for weight dense_1/kernel. Weight expects shape (512, 2). Received saved weight with shape (25088, 2)]
Traceback (most recent call last):
  File "C:\Users\LENOVO\Kidney-Disease-Classification-DL-Project-DVC\main.py", line 59, in <module>
    model_trainer.main()
    ~~~~~~~~~~~~~~~~~~^^
  File "C:\Users\LENOVO\Kidney-Disease-Classification-DL-Project-DVC\src\cnnClassifier\pipeline\stage_04_evaluation.py", line 21, in main
    evaluation.evaluation()
    ~~~~~~~~~~~~~~~~~~~~~^^
  File "C:\Users\LENOVO\Kidney-Disease-Classification-DL-Project-DVC\src\cnnClassifier\components\model_evaluation_mlflow.py", line 74, in evaluation
    self.model = self.load_model(path)
                 ~~~~~~~~~~~~~~~^^^^^^
  File "C:\Users\LENOVO\Kidney-Disease-Classification-DL-Project-DVC\src\cnnClassifier\components\model_evaluation_mlflow.py", line 62, in load_model
    model.load_weights(path)
    ~~~~~~~~~~~~~~~~~~^^^^^^
  File "D:\Software\Anaconda\Lib\site-packages\keras\src\utils\traceback_utils.py", line 122, in error_handler
    raise e.with_traceback(filtered_tb) from None
  File "D:\Software\Anaconda\Lib\site-packages\keras\src\legacy\saving\legacy_h5_format.py", line 460, in _set_weights
    raise ValueError(
    ...<5 lines>...
    )
ValueError: Shape mismatch in layer #13 (named dense_1)for weight dense_1/kernel. Weight expects shape (512, 2). Received saved weight with shape (25088, 2)
[2026-06-24 03:40:34,875: INFO: main: >>>>>> stage Data Ingestion stage started <<<<<<]
[2026-06-24 03:40:34,877: INFO: common: yaml file: C:\Users\LENOVO\Kidney-Disease-Classification-DL-Project-DVC\config\config.yaml loaded successfully]
[2026-06-24 03:40:34,878: INFO: common: yaml file: C:\Users\LENOVO\Kidney-Disease-Classification-DL-Project-DVC\params.yaml loaded successfully]
[2026-06-24 03:40:34,879: INFO: common: created directory at: artifacts]
[2026-06-24 03:40:34,879: INFO: common: created directory at: artifacts/data_ingestion]
[2026-06-24 03:40:34,879: INFO: data_ingestion: Copying data from C:\Users\LENOVO\Kidney-Disease-Classification-DL-Project-DVC\kidney.zip to artifacts\data_ingestion\data.zip]
[2026-06-24 03:40:34,879: INFO: data_ingestion: File already exists at: artifacts\data_ingestion\data.zip]
[2026-06-24 03:40:34,880: INFO: data_ingestion: Extracting artifacts\data_ingestion\data.zip to artifacts\data_ingestion]
[2026-06-24 03:40:37,420: INFO: data_ingestion: Extraction completed successfully!]
[2026-06-24 03:40:37,421: INFO: main: >>>>>> stage Data Ingestion stage completed <<<<<<

x==========x]
[2026-06-24 03:40:37,421: INFO: main: *******************]
[2026-06-24 03:40:37,422: INFO: main: >>>>>> stage Prepare base model started <<<<<<]
[2026-06-24 03:40:37,424: INFO: common: yaml file: C:\Users\LENOVO\Kidney-Disease-Classification-DL-Project-DVC\config\config.yaml loaded successfully]
[2026-06-24 03:40:37,426: INFO: common: yaml file: C:\Users\LENOVO\Kidney-Disease-Classification-DL-Project-DVC\params.yaml loaded successfully]
[2026-06-24 03:40:37,427: INFO: common: created directory at: artifacts]
[2026-06-24 03:40:37,428: INFO: common: created directory at: artifacts/prepare_base_model]
[2026-06-24 03:40:39,616: INFO: main: >>>>>> stage Prepare base model completed <<<<<<

x==========x]
[2026-06-24 03:40:39,616: INFO: main: *******************]
[2026-06-24 03:40:39,616: INFO: main: >>>>>> stage Training started <<<<<<]
[2026-06-24 03:40:39,619: INFO: common: yaml file: C:\Users\LENOVO\Kidney-Disease-Classification-DL-Project-DVC\config\config.yaml loaded successfully]
[2026-06-24 03:40:39,621: INFO: common: yaml file: C:\Users\LENOVO\Kidney-Disease-Classification-DL-Project-DVC\params.yaml loaded successfully]
[2026-06-24 03:40:39,622: INFO: common: created directory at: artifacts]
[2026-06-24 03:40:39,622: INFO: common: created directory at: artifacts\training]
[2026-06-24 03:40:41,870: ERROR: main: Arguments `target` and `output` must have the same shape. Received: target.shape=(None, 1), output.shape=(None, 4)]
Traceback (most recent call last):
  File "C:\Users\LENOVO\Kidney-Disease-Classification-DL-Project-DVC\main.py", line 47, in <module>
    model_trainer.main()
    ~~~~~~~~~~~~~~~~~~^^
  File "C:\Users\LENOVO\Kidney-Disease-Classification-DL-Project-DVC\src\cnnClassifier\pipeline\stage_03_model_training.py", line 25, in main
    training.train()
    ~~~~~~~~~~~~~~^^
  File "C:\Users\LENOVO\Kidney-Disease-Classification-DL-Project-DVC\src\cnnClassifier\components\model_training.py", line 107, in train
    self.model.fit(
    ~~~~~~~~~~~~~~^
        self.train_generator,
        ^^^^^^^^^^^^^^^^^^^^^
    ...<3 lines>...
        validation_data=self.valid_generator
        ^^^^^^^^^^^^^^^^^^^^^^^^^^^^^^^^^^^^
    )
    ^
  File "D:\Software\Anaconda\Lib\site-packages\keras\src\utils\traceback_utils.py", line 122, in error_handler
    raise e.with_traceback(filtered_tb) from None
  File "D:\Software\Anaconda\Lib\site-packages\keras\src\backend\tensorflow\nn.py", line 1168, in categorical_crossentropy
    raise ValueError(
    ...<3 lines>...
    )
ValueError: Arguments `target` and `output` must have the same shape. Received: target.shape=(None, 1), output.shape=(None, 4)
